"centroid_id","five_spp_cpue_2020_std","five_spp_cpue_2020_std_label","bathymetry_2020_std","bathymetry_2020_std_label","bottom_temperature_2020_std","bottom_temperature_2020_std_label","surface_net_primary_production_2020_std","surface_net_primary_production_2020_std_label","fishing_activity_hours_2020_std","fishing_activity_hours_2020_std_label","ship_density_route_2020_std","ship_density_route_2020_std_label","bottom_salinity_2020_std","bottom_salinity_2020_std_label","bottom_dissolved_oxygen_2020_inv_std","bottom_dissolved_oxygen_2020_inv_std_label","dumping_site_2020","dumping_site_2020_label","military_area_2020","military_area_2020_label","wind_farm_2020","wind_farm_2020_label","bedrock_seabed_2020","bedrock_seabed_2020_label","hard_bottom_seabed_2020","hard_bottom_seabed_2020_label","risk_level"
1,-0.232530606706368,"M",0.06806676842581,"M",0.176992521621093,"M",-0.203990431992942,"M",3.01741533610565,"H",0.378192743246351,"H",1.41576199299958,"H",-0.165930516291247,"M",0.0542635658914729,"H",0.0465116279069767,"H",0.13953488372093,"H",0,"M",0.0930232558139535,"H","high risk"
2,-0.186229779047244,"M",0.96928701080242,"H",-0.973812712199247,"L",-0.28078408398239,"L",-0.101584097096876,"M",-0.14764892751066,"M",-0.403175636254742,"L",0.849353375427153,"H",0.228730822873082,"H",0.172942817294282,"H",0.0725244072524407,"H",0,"M",0.0223152022315202,"H","high risk"
3,-0.135646054804949,"M",-0.743328970462882,"L",0.71529730170827,"M",0.233436994579608,"H",-0.320014722356101,"M",0.0381124622283266,"H",0.124320190133622,"M",-0.59893369091818,"L",0.0204081632653061,"H",0.194897959183673,"H",0.0846938775510204,"H",0.00408163265306122,"H",0.158163265306122,"H","high risk"
4,3.80072222501084,"H",0.316705015145632,"M",-0.328200978414932,"L",-0.0145038557122195,"H",-0.0358506773101415,"M",0.25291287387953,"H",-0.197309644015954,"M",-0.00802969846001203,"M",0.0512820512820513,"H",0.0641025641025641,"H",0.0512820512820513,"H",0,"M",0.102564102564103,"H","high risk"
