"centroid_id","cod_cpue_2020_std","cod_cpue_2020_std_sd","cod_cpue_2020_std_label","bathymetry_2020_std","bathymetry_2020_std_sd","bathymetry_2020_std_label","bottom_temperature_2020_std","bottom_temperature_2020_std_sd","bottom_temperature_2020_std_label","surface_net_primary_production_2020_std","surface_net_primary_production_2020_std_sd","surface_net_primary_production_2020_std_label","fishing_activity_hours_2020_std","fishing_activity_hours_2020_std_sd","fishing_activity_hours_2020_std_label","ship_density_route_2020_std","ship_density_route_2020_std_sd","ship_density_route_2020_std_label","bottom_salinity_2020_std","bottom_salinity_2020_std_sd","bottom_salinity_2020_std_label","bottom_dissolved_oxygen_2020_inv_std","bottom_dissolved_oxygen_2020_inv_std_sd","bottom_dissolved_oxygen_2020_inv_std_label","dumping_site_2020","dumping_site_2020_sd","dumping_site_2020_label","military_area_2020","military_area_2020_sd","military_area_2020_label","wind_farm_2020","wind_farm_2020_sd","wind_farm_2020_label","bedrock_seabed_2020","bedrock_seabed_2020_sd","bedrock_seabed_2020_label","hard_bottom_seabed_2020","hard_bottom_seabed_2020_sd","hard_bottom_seabed_2020_label","attention_level"
1,-0.207093155067085,0.318399130108727,"M",-0.530139446613142,0.460797202597821,"M",0.954647587891096,0.220432058983821,"L",-0.123124014575728,0.133313410216595,"L",-0.265614437249901,0.340174228853927,"M",4.28191652920643,1.97320261228687,"H",0.511575619676858,0.629018361096825,"M",-0.369038520986675,0.244376553194488,"M",0.024390243902439,0.156173761888606,"H",0.219512195121951,0.419058177461747,"H",0.121951219512195,0.33129457822454,"H",0,0,"M",0.170731707317073,0.38094875143451,"H","medium attention"
2,-0.198341676614629,0.527417591846767,"M",-0.739178234445297,0.420423834601635,"M",1.00393948193131,0.379282441128655,"L",0.239318641592999,0.94301010493651,"H",-0.246904500919312,0.453459645119245,"M",-0.0837000019784764,0.501307193179148,"M",0.0761877606715641,0.757300867298871,"M",-0.507169503423721,0.309149159581588,"M",0.0164319248826291,0.12727900363626,"H",0.220657276995305,0.415177399255792,"H",0.0751173708920188,0.263890548307016,"H",0.00704225352112676,0.0837204485448851,"H",0.140845070422535,0.348270671527521,"H","medium attention"
