longitude,latitude,all_spp_cpue_2020,five_spp_cpue_2020,cod_cpue_2020,all_spp_old_2020,five_spp_old_2020,cod_old_2020,bathymetry_2020,bottom_temperature_2020,cod_spawning_area_2020,dumping_site_2020,military_area_2020,surface_net_primary_production_2020,bottom_dissolved_oxygen_2020,fishing_activity_hours_2020,seabed_type_2020,ship_density_route_2020,bottom_salinity_2020,wind_farm_2020
14.67765369,55.04932413,121455.4,115886.34,93594.664,124.22652,92.349022,41.999462,14.714617,10.419827,0,1,0,3254.7878,321.00748,435.10999,1,554,8.4681654,1
14.57765369,54.94932413,121455.4,115886.34,93594.664,124.22652,92.349022,43.204563,18.57151,10.594406,0,0,0,3068.073,323.09607,34.75,1,69,8.2441339,0
14.67765369,54.94932413,85844.664,75299.867,53308.492,125.2736,87.267982,42.896935,16.568428,10.629596,0,0,0,3131.5432,324.89444,91.290001,1,162,8.1927128,0
12.87765369,55.54932413,625713,618675.38,548968.38,14649.188,14612.283,13342.663,4.9826393,11.330693,0,0,0,3752.8647,312.58545,0.63,1,55,12.598965,0
19.57765369,56.04932413,4381.4668,3306.3333,12169.501,37.276558,13.966701,15.707603,52.276592,6.257709,0,0,0,2293.9121,286.9725,0.87,2,15,8.0532761,0
14.27765369,54.74932413,130636.67,128017.57,109914.8,51.074986,37.14941,66.760017,15.710195,10.476224,0,0,1,3651.7712,324.61011,35.52,2,9,8.1576319,0
20.27765369,55.44932413,41444.098,28281.404,14096.448,61.071007,36.410213,20.686314,45.723942,6.7708631,0,0,0,2788.5825,302.31436,0,2,58,7.8119516,0
10.77765369,54.44932413,14468.7,14416.333,1673,66.694016,49.671211,3.7787917,13.053349,11.25107,0,0,1,2771.502,280.61563,3.8399999,2,26,18.832573,0
10.97765369,54.44932413,14468.7,14416.333,1673,66.694016,49.671211,5.3398356,5.9387951,11.261049,0,0,0,3752.8958,308.84399,213.24001,2,30,15.839883,0
16.67765369,54.94932413,36871.066,36275.961,9681.124,73.197403,59.481125,15.294857,16.23691,10.418065,0,0,0,2934.2935,330.80167,1.58,2,32,7.6289091,0
14.47765369,53.74932413,21924.562,20075.203,9307.8545,73.380432,55.970676,18.097326,4.7817588,11.487171,0,0,0,18270.01,336.74841,3.9100001,2,3,0.070567094,0
18.17765369,56.14932413,90019.93,245.33333,245.33333,79.487534,4.0855417,4.0855417,49.047455,5.9392819,0,0,0,2302.4836,268.14731,14.51,2,182,8.1024723,0
20.27765369,55.34932413,43297.469,26988.621,11886.743,82.457603,41.981319,21.732983,40.012119,7.5477171,0,0,0,2836.384,318.84094,1.95,2,73,7.4695711,0
20.17765369,55.34932413,38532.402,18414.766,8468.6641,91.755226,32.424599,14.181794,47.868916,6.9027314,0,0,0,2825.3459,308.70978,10.86,2,91,7.7016416,0
10.87765369,54.44932413,33468.527,29495.828,1129.4445,91.938469,68.894348,7.5384436,10.117278,11.255968,0,0,1,2965.8547,297.49335,58.900002,2,24,17.370077,0
20.37765369,55.34932413,56899.703,40354.094,15024.149,94.834686,56.921215,29.108061,36.03973,8.0809498,0,0,0,2931.1008,323.51694,0,2,22,7.3589549,0
10.47765369,56.84932413,21418.834,15712.3,0.89999998,99.091469,58.699924,1.0003604,8.7957993,10.507294,0,0,0,3805.6448,296.3096,0.27000001,2,43,26.130468,0
10.57765369,56.74932413,21418.834,15712.3,0.89999998,99.091469,58.699924,1.0003604,10.116474,10.555783,0,0,0,3485.6733,291.63052,0,2,63,26.75518,0
10.47765369,56.74932413,21418.834,15712.3,0.89999998,99.091469,58.699924,1.0003604,7.5565696,10.619353,0,0,0,5341.272,296.70322,0,2,12,25.809841,0
20.37765369,55.24932413,54819.902,36049.426,13049.411,99.370438,51.95948,25.353069,38.190395,8.1685228,0,0,0,2944.0203,318.03635,80.150002,2,5,7.367116,0
20.37765369,55.44932413,65778.781,49161.219,19769.68,100.72558,64.538559,25.131851,43.056335,7.1315641,0,0,0,2853.145,317.19052,0,2,119,7.5630007,0
20.47765369,55.34932413,68905.461,51010.824,15552.06,100.72558,64.538559,31.97159,35.636913,8.1750574,0,0,0,3044.2883,324.98172,0,2,19,7.3235607,0
10.47765369,56.64932413,25121.234,19156.135,1.8453089,102.25072,61.705135,1.0003604,7.242166,10.763125,0,0,0,6679.8281,297.02017,0.40000001,2,50,25.470156,0
16.77765369,54.94932413,57469.465,56882.535,16002.134,105.41011,87.1353,44.45084,17.610786,10.284328,0,0,0,2941.5403,330.94455,5.6300001,2,25,7.6053705,0
20.47765369,55.24932413,63583.383,45308.387,14463.994,107.32266,64.392639,29.108061,27.830477,8.9700451,0,0,0,3100.9309,324.24371,0,2,22,7.2404652,0
12.57765369,55.24932413,34849.898,24495.334,8334.1338,117.57919,85.539307,22.346497,23.494093,11.019037,0.5,0,0,2987.3638,305.09082,7.5300002,2,39,12.60788,0
12.57765369,55.34932413,34849.898,24495.334,8334.1338,117.57919,85.539307,13.289591,18.601744,11.117744,0,0,0,3117.4155,308.50674,16.01,2,190,12.38715,0
12.27765369,55.14932413,35567.934,24753.551,8706.167,117.68948,85.026543,19.717173,9.8114014,11.380084,0,0,0,3317.9749,317.65146,5.98,2,47,10.467959,0
10.07765369,54.74932413,77886.07,75090.227,513.61395,118.33372,87.438461,4.8483448,23.465422,10.359027,1,0,0,2965.2849,250.00352,380.64001,2,45,20.304447,0
20.47765369,55.44932413,76524.719,57568.285,14548.25,122.03932,77.073868,31.571783,39.895016,7.3584447,0,0,0,2933.7256,321.45471,0,2,67,7.4953556,0
16.47765369,54.74932413,90703.031,79897.289,71004.625,122.62391,85.276825,52.539608,36.843018,8.8074636,0,0,1,2935.1838,303.05295,18.07,2,2562,8.3458185,0
20.57765369,55.04932413,66841.781,45220.59,14514.002,123.79369,67.078094,28.654812,19.797237,10.025312,0,0,0,8774.9678,327.36429,0,2,1,6.0662165,0
14.47765369,54.94932413,85220.664,81714.484,67236.328,124.22652,92.349022,46.073803,23.132238,10.381772,0,0,0,3080.842,313.22128,5.5500002,2,53,8.7942257,0
10.87765369,55.24932413,36592.898,19397.533,94.400002,124.22691,64.464836,5.0378208,18.223339,10.255066,0,0,0,2891.7009,264.22644,48.57,2,277,25.759583,0
12.67765369,55.24932413,38618.176,32836.016,15118.243,125.27071,95.266991,24.341002,21.909552,10.867882,0,0,0,2976.542,311.01645,16.049999,2,582,10.357027,0
12.87765369,55.14932413,51838.98,47246.07,23425.689,125.30494,90.112144,27.069315,32.809612,10.787903,0.5,0,0,2906.4287,293.16797,16.6,2,944,11.942531,0
20.57765369,55.34932413,76524.719,57568.285,14548.25,127.2109,80.11544,32.169582,34.939434,8.2353001,0,0,0,3187.7332,326.00787,3.8800001,2,7,7.3145905,0
11.87765369,57.24932413,22079.699,14362.277,233.24445,135.89514,50.763985,6.1218615,65.488007,9.2735968,0,0,0,2301.9893,256.40244,882.34003,2,22,33.878342,0
20.77765369,56.44932413,241987.53,73664,12040,137.68593,49.870239,18.461435,18.335564,9.7573824,0,0,1,3181.8992,333.50104,0.81999999,2,123,7.1463585,0
12.07765369,54.54932413,62499.52,50790.301,574.62567,137.78023,85.915977,8.3428078,11.54608,11.062078,0,0,0,3649.2944,302.37457,2.8299999,2,59,13.729817,0
12.17765369,54.64932413,72570.672,61541.539,768.65137,137.78023,85.915977,4.0393143,17.568621,10.932317,0,0,0,3488.5813,291.84396,18.959999,2,18,14.699859,0
11.87765369,54.44932413,53424.25,48803.371,276.09222,138.24323,96.664314,5.0532894,18.581278,10.893208,0,0,0,3447.8633,281.32202,9.0200005,2,141,16.734142,0
12.67765369,55.14932413,63976.672,60442.254,35519,140.13951,107.78572,30.328234,28.032454,10.943313,0.5,0,0,2875.2825,299.3656,12.31,2,456,12.474132,0
12.47765369,55.54932413,70559.797,37337.168,26836.4,140.27588,91.342957,37.312881,8.60991,11.32448,0,0,0,3606.8865,315.80698,28.08,2,1383,11.603271,0
15.57765369,54.24932413,83180.25,44589.707,29925.979,142.53307,83.372803,31.380526,13.046541,9.8304453,0,0,0,8237.6709,318.31125,103.87,2,79,8.0494194,0
12.67765369,55.04932413,65567.656,61080.445,33285.594,143.11778,108.00098,34.886955,23.503399,10.976085,0.5,0,0,2805.5706,301.43082,43.849998,2,231,12.180387,0
10.07765369,54.54932413,86206.094,83223.523,1510.5052,145.46829,105.05682,5.6090469,22.131739,10.819912,1,0,1,3361.0049,240.02129,71.480003,2,125,20.229992,0
11.77765369,54.44932413,51198.207,47178.809,260.57263,146.39012,104.88173,5.9475389,20.400579,10.80045,0,0,1,3393.3252,276.14209,5.5100002,2,470,17.530851,0
10.97765369,56.74932413,84860.203,74358.969,12.933333,146.66272,103.10666,2.985661,11.525834,10.952225,0,0,0,2541.8342,280.60281,0,2,716,27.527327,0
10.07765369,54.64932413,93368.555,90619.141,946.44983,146.82272,112.90513,5.0189028,16.56303,10.851378,0,0,1,3194.0405,267.44812,317.29001,2,60,19.515621,0
10.97765369,54.94932413,39372.133,37975.465,156.60001,147.28297,101.11024,5.1890397,18.485086,10.351084,1,0,0,3071.3154,278.92096,82.379997,2,9650,22.200735,0
11.07765369,55.04932413,39372.133,37975.465,156.60001,147.28297,101.11024,5.0826721,18.544426,10.405167,0,0,0,3004.5725,273.12897,29.74,2,5,22.748896,0
12.77765369,54.94932413,83083.922,76492.914,38539.156,149.72537,112.80736,34.095261,31.430506,10.751159,0,0,0,2791.9368,298.16531,188.47,2,59,12.260032,0
20.97765369,55.74932413,158104.12,65067.391,33028.191,149.95723,66.706711,40.925606,24.92976,9.3039799,0,0,0,6970.3936,328.04111,34.790001,2,93,7.0814419,0
12.97765369,55.14932413,60597.785,54339.469,20508.111,150.57738,112.16875,33.077038,33.36454,10.592859,0.5,0,0,2905.4688,291.67905,11.1,2,902,11.583312,0
11.57765369,57.34932413,42385.172,24534.797,576.54395,150.95618,55.941956,7.7831779,61.014538,8.9338179,0,0,0,2190.7722,259.53391,837.62,2,2699,34.30632,0
12.17765369,54.74932413,74662.703,61597.41,1953.2944,151.41513,102.11278,8.1255665,14.719648,11.04948,0,0,0,3674.7705,303.84924,2.3499999,2,19,12.783837,0
20.87765369,55.34932413,87899.711,59858.59,22673.162,153.72966,95.292969,36.499226,26.399212,9.2333183,0,0,0,4138.8901,328.4541,0,2,0,7.1911459,0
12.27765369,54.84932413,63677.383,53466.051,1576.4133,154.41167,106.98911,8.5675716,20.218,10.962284,0,0,0,3486.8403,294.11612,1.75,2,0,13.551468,0
10.37765369,56.14932413,101276.47,59214.699,687,155.29329,79.478294,9.369525,13.058843,10.850368,0,0,0,3025.6826,273.3866,5.0100002,2,0,25.355104,0
10.27765369,56.14932413,101276.47,59214.699,687,155.29329,79.478294,9.2773705,13.046542,10.938678,0,0,0,3901.8643,272.91278,2.8099999,2,4,25.095482,0
12.57765369,55.04932413,88931.406,83071.531,45513.859,157.34984,120.92861,34.973083,20.67971,11.076909,0,0,0,2923.2944,307.71405,9.8299999,2,64,11.430555,0
12.87765369,54.94932413,119177.6,110033,60996.668,158.444,115.69725,32.052372,32.848701,10.619917,0,0,0,2804.012,299.5744,206.14,2,59,11.698729,0
11.27765369,54.04932413,64928.602,58909.867,4722.6665,160.22176,106.41776,13.270638,11.373974,11.394521,0,0,0,3904.686,246.24243,36.27,2,166,16.761293,0
11.17765369,54.24932413,109516.21,105225.34,15437.777,160.22176,106.41776,12.578796,12.999438,11.089599,0,0,1,3485.1917,273.75433,404.79001,2,16,17.174118,0
12.57765369,54.94932413,75416.43,69643.75,33108.691,161.04114,123.89294,39.629204,17.702452,10.980256,0.5,0,0,3009.0681,306.35001,59.240002,2,210,11.569689,0
14.37765369,54.84932413,130263.41,109533.17,78355.938,162.89656,119.28979,63.782703,17.804832,10.652184,0,0,0,3429.0989,320.41528,90.349998,2,37,8.4407921,0
20.67765369,55.24932413,76501.195,55827.523,16588.434,164.66679,102.14448,33.00959,22.533201,9.8082123,0,0,0,3541.5994,327.87555,0,2,9,7.1613274,0
20.87765369,55.44932413,91478.703,60740.641,25704.771,164.66679,102.14448,36.499226,22.252935,8.7461252,0,0,1,3804.2441,327.05551,0,2,1,7.2891974,0
18.07765369,55.04932413,132307.94,83404.664,74960,164.75513,96.816933,73.790154,42.40501,7.4409094,0,0,0,3555.1069,293.48224,38.790001,2,348,8.3358288,0
17.97765369,54.94932413,132307.94,83404.664,74960,164.75513,96.816933,74.835182,22.950598,8.7502604,0,0,0,4120.4922,323.48035,44.73,2,333,7.5981808,0
11.07765369,54.94932413,64857.102,60451.582,133.17778,165.20511,110.37552,5.2345524,10.117189,10.745425,0,0,0,3220.228,286.91528,0,2,3,19.767765,0
17.47765369,55.54932413,151901.2,50384.359,41750.113,165.2252,64.91848,45.860821,21.008745,9.3434744,0,0,0,3034.1873,328.8627,133.96001,2,367,7.488009,1
10.07765369,55.64932413,87164.164,7707.1333,1403,166.20462,53.54047,10.200464,17.708742,10.665978,0,0,0,3459.2976,262.9216,0.82999998,2,181,24.876972,0
10.77765369,56.94932413,77824.352,51576.871,232.82904,167.38506,90.581223,5.0968227,10.129855,10.795815,0,0,0,2708.1194,291.81311,0,2,66,26.284115,0
20.97765369,55.84932413,192614.62,64975.164,27438.676,168.68265,59.428089,35.081089,13.947295,10.039657,0,0,0,7813.8184,331.64142,6.3800001,2,99,6.7614565,0
20.87765369,56.44932413,266843.03,67013.531,11237.627,170.01996,50.211449,20.182606,10.116997,10.102929,0,0,1,5274.8623,338.69629,0.63999999,2,58,6.7823048,0
11.67765369,56.94932413,60328.668,7306.2334,41.866665,171.19783,48.271957,4.018208,38.4842,10.001206,1,0,0,2088.719,253.13202,568.39001,2,489,33.280075,0
12.27765369,54.44932413,74185.664,57692.332,21960,171.69447,113.35052,15.34331,18.35383,10.892397,0.5,0,0,3791.5815,290.94186,30,2,27,15.67857,0
20.37765369,55.94932413,134082.27,107840.22,60321.992,171.76237,112.99199,50.531208,32.469181,7.5040774,0,0,0,2994.5383,322.49097,138.42,2,38,7.3601818,1
14.97765369,55.44932413,252386,334141.09,201726.62,172.02704,243.35846,111.0029,71.100044,9.3579168,0.5,1,0,2601.7251,204.04912,54.73,2,5034,15.063724,0
11.07765369,55.24932413,85138.508,75284.125,100.45695,172.07433,107.65046,5.9978485,28.936857,9.9983521,0,0,0,2996.269,258.74997,318.92001,2,6225,26.04035,0
10.47765369,57.04932413,68688.859,39711.242,173.60527,172.74167,85.799011,5.0968227,7.5630884,10.597052,0,0,0,4732.0889,297.83508,1.62,2,55,25.615726,0
9.677653694,55.44932413,87881.266,21486.133,693,174.15166,74.532669,9.2863302,3.0862319,11.246323,0,0,0,5546.5918,288.88992,7.6599998,2,1647,18.864841,0
10.87765369,56.94932413,95194.516,66646.461,241.24013,178.85364,97.767807,2.0102558,11.414886,10.872173,0,0,0,2602.4453,292.68723,0,2,883,25.707102,0
20.87765369,56.34932413,270148.38,64727.699,10994.841,179.24251,49.922432,18.675468,10.121652,10.105487,0,0,1,5831.6982,337.68372,0,2,27,6.6905084,0
18.07765369,54.94932413,156858.52,111981,100739.34,180.54239,105.80283,74.120621,26.411804,8.611949,0,0,0,4187.0083,322.54916,82.989998,2,357,7.6108975,0
10.77765369,55.44932413,103109.07,35095.266,96,180.61832,79.655777,6.0402083,22.086998,10.114923,0,0,0,2833.6138,262.16156,20.690001,2,9,26.152136,0
10.57765369,54.84932413,85512.336,84203.867,20300,182.88045,131.93629,7.689909,6.0113072,11.34091,0,0,0,3217.2603,303.61639,82.860001,2,2068,16.3419,0
11.07765369,55.44932413,65215.434,54705.832,1372.5333,183.14716,94.996956,6.6510367,15.96583,10.403088,0,0,0,3093.7917,271.51303,26.799999,2,6,23.196404,0
11.17765369,55.04932413,84898.883,51343.637,461.6727,183.71513,97.943878,6.9752693,11.525682,11.090595,0,0,0,3102.0759,288.87109,1.8099999,2,7,18.955061,0
20.97765369,55.94932413,228458.02,64134.191,19391.123,185.0083,52.363331,26.781805,8.8227034,10.24471,0,0,0,7269.3716,335.25885,7.0300002,2,51,6.6328592,0
11.27765369,56.44932413,162003.25,99030.516,85.994774,185.81976,100.57836,3.4102843,18.581305,10.741687,0,0,0,2194.7979,258.56302,8.3999996,2,622,30.670856,0
14.47765369,54.74932413,111592.35,102475.17,75081.805,186.83295,139.86389,63.87619,18.631519,10.290342,0,0,0,3434.5483,321.49005,215.50999,2,14,8.1731434,0
20.97765369,56.04932413,256642.28,63315.789,12983.09,188.86766,48.90995,19.874399,13.027406,10.111621,0,0,0,7161.249,333.28012,0,2,0,6.6856656,0
11.87765369,56.44932413,126231.77,42225.684,3134.2334,189.16344,65.108322,9.3434467,32.62376,10.127217,0,0,0,2062.6929,236.62001,1311.01,2,455,32.767056,1
20.87765369,56.14932413,263845.5,62597.363,11265.2,189.58562,48.076141,17.224644,16.460039,9.948801,0,0,0,6044.8857,329.75882,8.4399996,2,12,6.8519244,0
20.67765369,56.24932413,258432.64,60649.707,9977.8252,190.02756,45.28957,15.002926,29.231716,8.7585535,0,0,1,3266.0244,325.78253,1.0599999,2,152,7.2066736,0
10.87765369,54.84932413,86737.625,71285.078,1352.9496,190.2316,120.48854,11.706361,18.578671,10.485614,0,0,0,3104.6345,285.63245,563.63,2,6469,20.861914,0
20.67765369,55.94932413,146956.12,68698.938,39521.676,190.55917,66.377975,37.666603,26.531525,8.668335,0,0,0,3599.8591,325.1644,102.13,2,249,7.1943779,0
20.87765369,56.04932413,245038.52,63637.598,15406.824,190.72641,49.564747,21.103514,22.275225,9.6235905,0,0,0,4770.7246,323.88162,0.51999998,2,25,7.0463605,0
20.77765369,56.24932413,267582.47,61327.523,10439.073,191.88829,48.033604,16.669895,23.084337,9.637435,0,0,1,3773.478,328.31284,3.3,2,47,7.0889087,0
11.37765369,56.74932413,145859.66,75638.391,193.12357,193.27312,90.216133,3.9102809,8.8167114,11.027716,0,0,0,2140.0469,303.74588,0,2,2,20.8916,0
20.77765369,56.14932413,254277.81,62669.648,12525.585,193.73738,47.038055,16.71731,22.172089,9.3946075,0,0,0,4050.6899,324.9335,0,2,31,7.1087551,0
17.37765369,55.54932413,304857.62,209419.94,181557.84,196.29439,87.079865,235.99585,20.979979,9.6788397,0,0,0,3043.6316,332.32782,37.380001,2,217,7.4762192,1
10.97765369,54.84932413,90783.18,80659.883,1401.1677,196.89354,135.00061,6.0839038,10.050272,10.942715,0,0,0,3569.6846,297.32156,12.23,2,7612,17.444168,0
20.77765369,56.04932413,225007.55,64845.031,19911.018,197.44559,50.268787,22.918285,29.158642,8.9716787,0,0,0,3702.6272,321.82596,33.830002,2,42,7.1705594,0
11.57765369,56.54932413,130833.93,60340.738,665.19598,199.43787,80.930275,6.0433526,29.918142,10.419001,0,0,0,2068.2048,236.22816,885.60999,2,99,32.822376,0
11.57765369,56.24932413,136893.98,66442.32,821.72461,200.64822,86.416855,5.3444881,23.483503,10.553323,0,0,0,2200.3696,253.2854,136.81,2,69,30.953737,0
11.47765369,56.64932413,154083.33,73599.711,253.56273,201.87865,86.582138,4.4455185,11.588228,11.067142,0,0,0,2168.0654,285.8819,399.25,2,0,24.764484,0
20.67765369,56.34932413,272529.56,56353.992,9976.5908,202.1973,47.01458,15.835121,26.498672,9.135437,0,0,1,3033.6804,328.9639,1.0700001,2,154,7.209693,0
18.17765369,54.84932413,141320.55,81852.367,71055.492,202.86893,118.51081,81.34716,10.117833,9.5190392,0,0,0,5063.0337,330.1983,0,2,240,7.5145473,0
13.17765369,54.94932413,167285.42,158802.22,64892.938,204.9628,161.37373,61.031727,43.912121,10.398325,0.5,0,0,2881.5723,268.95474,31.139999,2,149,13.804532,0
11.47765369,54.54932413,168424.53,162509.14,6813.4805,211.93617,171.36597,11.282845,14.754466,10.888019,0,0,0,3581.7441,292.08847,21.73,2,302,16.673098,0
20.57765369,55.94932413,70014.336,66769.266,55842.934,212.10059,74.504906,41.751812,29.977001,8.2054148,0,0,0,3410.105,324.93967,127.64,2,111,7.2434492,1
11.87765369,56.74932413,56905.16,23663.08,1196.2374,213.19527,71.869423,10.360887,38.515675,9.8026428,0,0,0,2055.3455,245.49014,1539.53,2,7042,33.413483,0
11.47765369,55.04932413,116645.69,16660.471,1244.384,216.37515,63.33939,11.088762,12.750679,11.526958,0,0,0,3498.623,289.23761,0,2,186,17.326694,0
11.57765369,54.94932413,116943.34,17429.787,1253.2944,216.53619,63.970989,11.025569,7.1878824,11.430246,0,0,0,4425.9995,313.77182,0,2,0,14.124546,0
14.47765369,54.84932413,176789.2,165955.67,122693.34,216.66641,163.80014,64.965416,16.517159,10.754627,0,0,0,3298.8733,324.84714,12.47,2,29,8.1451015,1
14.37765369,54.74932413,176789.2,165955.67,122693.34,216.66641,163.80014,61.840748,11.605083,10.765136,0,0,0,3602.8994,326.44525,31.27,2,4,8.0655165,0
11.67765369,54.94932413,117563.04,16728.441,1259.0773,217.15575,63.183979,11.055694,5.0244732,11.430271,0,0,0,4805.8223,316.00623,0,2,0,13.601824,0
11.67765369,55.04932413,118042.42,16275.198,1264.0459,217.62401,62.656673,11.088762,6.1017137,11.489687,0,0,0,4667.9331,313.32471,0.27000001,2,0,13.665327,0
11.27765369,54.24932413,153305.58,150232.67,19224.607,220.36023,179.21542,19.875019,20.396185,10.610474,0.5,0,1,3468.8926,256.82761,196.00999,2,121,18.576399,0
11.17765369,56.44932413,159368.42,100600.03,80.488892,222.31104,110.53341,4.7058854,18.030973,10.750253,0,0,0,2228.0015,259.64059,0,2,375,30.411694,0
11.17765369,54.34932413,236620.48,231700.59,2524.8333,225.01125,174.73291,12.151215,13.046742,11.351977,0,0,1,3523.2175,285.83145,349.42001,2,252,16.331604,0
10.87765369,55.84932413,173403.09,110040.07,113.71083,225.71994,87.109444,8.325057,26.303486,10.172273,0,0,0,2573.8794,258.05981,4.6100001,2,7232,28.840071,0
11.07765369,56.34932413,133792.61,75312.156,298.88889,226.78421,100.95295,6.8135939,19.819141,10.621544,0,0,0,2345.7756,257.32178,127.57,2,1251,30.18,0
20.47765369,55.94932413,154945.25,81290.766,45708.742,227.14998,83.614464,58.979527,33.959599,7.8657203,0,0,0,3227.9385,324.57648,193.24001,2,69,7.296978,1
11.07765369,56.64932413,153438.83,98535.789,79.203934,227.24132,117.41941,3.8381748,14.313972,11.081335,0,0,0,2292.3994,267.14221,14.42,2,50,29.049925,0
10.97765369,54.54932413,233353.38,229734.27,262.52444,230.20853,179.09387,9.1881714,10.099925,10.843516,0,0,1,3001.8496,293.96796,141.10001,2,3013,18.683836,0
11.37765369,57.24932413,110081.27,20823.949,410.66666,237.02533,60.996563,10.655036,74.773445,9.3271599,0,0,0,2251.6853,257.61499,1341.88,2,80,34.04195,0
11.87765369,56.24932413,163604.67,50448.969,1696.1885,237.83044,82.086571,7.6241417,25.770418,10.504601,0,0,0,2130.9907,256.05396,41.900002,2,78,31.302795,0
18.27765369,54.84932413,104626.4,18582.867,9703.8662,238.35135,103.53677,150.73996,11.525998,9.4928131,0,0,0,5267.1616,330.3284,7.46,2,363,7.511878,0
20.57765369,56.04932413,198429.94,72370.797,30120.965,243.46065,59.321644,30.148094,29.934717,8.3969345,0,0,0,3201.7141,325.50385,7.48,2,147,7.2249508,0
11.17765369,55.44932413,124239.91,106722.09,681.70776,249.33577,161.41653,6.8358798,11.525682,11.117225,0,0,0,3363.0342,291.30124,0.94,2,0,19.194622,0
11.27765369,57.04932413,125190.39,51337.434,377.19373,250.55829,84.903381,10.655036,9.6048708,11.127943,0,0,0,2519.7366,295.3179,0,2,0,24.914824,1
15.37765369,54.44932413,228501.72,84019.555,62922.152,253.81,102.9945,54.637974,40.817413,8.2004194,0,0,0,3092.9331,280.44778,566.96002,2,45,9.3453264,0
11.27765369,54.64932413,219430.8,216465.41,4369.4941,268.06339,219.88255,7.4896135,11.218128,10.930964,0,0,0,3646.7043,295.26685,120.37,2,0,16.842888,0
15.27765369,54.44932413,255757.53,128303.25,118164,271.1976,133.38293,79.830734,35.456261,8.2811451,0,0,0,3174.3523,297.72098,479.73001,2,117,8.7524385,1
15.17765369,54.44932413,255757.53,128303.25,118164,271.1976,133.38293,97.251816,32.411949,8.4529819,0,0,0,3256.5295,309.49045,603.35999,2,118,8.3968134,1
10.87765369,54.64932413,150278.22,117302.55,1960.6917,271.73251,177.80045,10.458489,28.166426,10.391281,0,0,0,3101.1277,267.46097,111.86,2,2495,22.81185,0
10.87765369,54.74932413,165257,128164.79,3095.4167,283.34567,151.93753,11.838041,18.205219,10.572433,0,0,0,3250.0999,282.96576,25.799999,2,3652,20.537249,0
16.87765369,54.94932413,230852.28,118562.7,108759.62,285.68774,147.64281,73.927567,16.199579,10.073591,0,0,0,2964.8665,330.66223,6.3800001,2,14,7.6006966,0
11.77765369,56.24932413,164837.23,52970.301,274,287.11252,101.90798,7.2689662,14.750099,10.83107,0,0,0,2141.186,282.83075,15.92,2,0,27.458334,0
20.47765369,56.04932413,221634.72,77487.805,31104.754,290.86435,66.2742,34.587971,28.149866,8.3636427,0,0,0,3094.0039,326.89673,16.09,2,203,7.2399983,1
16.67765369,55.24932413,315205.31,55928.418,44490.996,295.15265,78.724464,43.69593,69.838867,7.9066067,0.5,0,1,2498.543,209.06126,17.780001,2,69,12.511115,0
11.17765369,54.64932413,199363.59,196056.33,11368,318.90274,271.05722,8.7061424,25.264418,10.582682,0,0,0,3414.7563,275.49533,156.75999,2,29,20.121008,0
10.97765369,55.54932413,156141.94,146939.45,916.92816,321.28448,236.51813,7.1534729,19.70413,10.195565,0,0,0,2836.1445,267.23425,0.85000002,2,1,24.49542,0
11.27765369,57.24932413,192208.45,56802.859,714.16669,361.20053,99.218338,12.045733,24.85743,10.65846,0,0,0,2457.7744,275.44958,265.85999,2,8,30.928606,0
14.57765369,55.24932413,235470.62,181594.28,96004.828,363.87988,276.24911,98.381386,42.233349,10.190455,0.5,0,0,2708.2756,256.04559,837.84998,2,14,13.345138,1
11.37765369,57.44932413,206299.25,62975.863,766.23901,382.50562,105.77616,10.330396,37.394207,9.833539,0,0,0,2290.6104,268.15027,1773.5699,2,5983,33.654671,0
16.17765369,54.54932413,486224.5,352322.06,330488.94,402.8381,224.46332,282.10178,33.170269,8.5591602,0,0,0,3186.1919,306.74744,32.630001,2,33,8.4460764,0
15.07765369,54.14932413,219341.33,112843.92,99103.406,429.97104,128.8399,89.531998,16.242476,10.350106,0,0,0,9921.6533,316.54465,0.31,2,23,7.9481144,0
14.47765369,55.24932413,253233.64,194120.48,116291.22,435.35162,255.57207,104.46501,43.920856,10.014533,0.5,0,0,2678.1729,245.92494,293.98999,2,8931,13.822361,0
11.27765369,57.34932413,274335.62,92781.766,1017.6667,485.37573,137.44012,13.436431,36.952221,10.4109,0,0,0,2422.5532,270.4209,1201.85,2,96,32.176338,0
14.67765369,55.34932413,525300.56,435370.72,178181.44,512.87128,391.12885,127.88213,47.100498,9.852232,0.5,0,0,2650.0327,264.53571,839.17999,2,3604,12.330208,0
14.07765369,55.24932413,449687.53,258349.48,156662.34,544.82782,235.50172,119.24867,35.565456,9.3998251,0,0,0,2868.4644,297.23053,187.96001,2,205,9.7149992,0
14.87765369,55.24932413,15874.621,12.896552,4,606.89923,150.1033,6.7161584,45.209339,9.4678135,0.5,0,0,2751.8323,257.59055,16.719999,2,40,12.07612,0
19.87765369,54.74932413,211268.53,28274.357,15804.823,650.37939,39.042973,30.807835,20.264803,10.035669,0,0,0,7955.4722,327.30878,13.66,2,34,6.8967648,0
17.97765369,55.04932413,452091.72,395712.41,355558.97,701.90417,661.76685,69.010689,38.050499,7.6501513,0,0,0,3630.9871,304.74585,41.91,2,442,8.0007839,0
18.57765369,54.84932413,476637.78,194031.75,131573.5,774.28192,394.30414,278.58218,27.690058,8.2668886,0,0,1,4789.1777,314.33737,232.78999,2,469,7.8200026,0
17.77765369,55.64932413,682703.19,373491.03,341739.53,822.37677,596.13818,431.65421,50.185555,6.0817146,0,0,0,2756.2927,213.48349,53.23,2,38,8.3974476,1
17.87765369,54.94932413,448507.41,370807.84,325689.88,827.06519,770.46838,492.73724,22.689074,8.8922586,0,0,0,4028.5571,324.06409,50.32,2,370,7.5961518,0
17.97765369,55.14932413,670843.88,617004.75,560401.69,1008.8158,1006.0161,697.41064,43.179565,6.8796997,0,0,0,3102.0828,292.04047,84.25,2,586,8.3789473,0
18.37765369,54.94932413,511804,301577.22,211869.98,1028.5839,613.11023,412.13766,26.144457,8.1901045,0,0,0,4115.043,315.17474,201.57001,2,491,7.8017869,0
17.77765369,54.94932413,462207.41,364303.44,315252.28,1048.4618,985.33704,615.44464,23.097801,8.9572258,0,0,0,3826.1567,323.07742,59.939999,2,444,7.616818,0
17.87765369,55.04932413,652080.81,585555.44,518484.5,1171.7709,1134.7216,770.69794,35.477486,7.8126097,0,0,0,3666.2576,309.42856,81.769997,2,86,7.893682,0
16.77765369,56.44932413,403180.41,9691.7754,1267.7336,1206.1309,24.553534,6.1099844,62.470398,5.8568835,0,0,1,2282.0229,202.15637,221.41,2,50,8.5453587,0
14.67765369,55.94932413,976810.19,213564.8,132166.14,1324.1444,170.27837,100.40031,18.060953,9.3032379,0,0,1,3037.9338,320.40707,19.389999,2,1,8.1796446,0
17.87765369,55.14932413,917816,858776.75,772220.25,1518.884,1505.1371,1216.1785,40.387047,7.0713663,0,0,0,3267.521,293.21033,43.919998,2,101,8.4293242,0
16.67765369,56.44932413,418655.25,9765.7734,1239.2389,1630.3608,24.558138,5.9571466,23.164242,7.6772809,0,0,1,2830.272,304.77356,139.92,2,2,7.6418166,0
15.77765369,55.64932413,551219.69,33899.965,12555.333,1670.8972,59.077854,25.457039,65.589699,8.4617453,0.5,1,0,2514.5842,185.57597,108.85,2,341,13.853288,1
18.57765369,54.54932413,1144689.4,615164,419944.22,1816.0399,743.24585,983.39484,7.54317,10.215447,0,0,0,9795.3193,323.552,10.16,2,14,7.2556601,0
17.77765369,55.14932413,969256.44,908231.56,793451.81,1841.6754,1800.0386,1541.8628,43.880821,7.2417364,0,0,0,3385.9697,284.63144,38.650002,2,392,8.7045765,0
18.17765369,56.24932413,441872.28,5242.748,3746.4622,1851.6971,16.915583,4.0855417,35.022266,6.6273289,0,0,0,2367.186,314.07315,1.1,2,268,7.5454011,0
17.67765369,55.14932413,866723,811060.94,668947.75,2009.6287,1952.7068,1629.4862,43.84396,7.1814117,0,0,0,3406.3694,293.56644,7.71,2,92,8.5152073,0
14.57765369,55.94932413,1495555.2,249958.86,133272,2115.6619,222.40735,134.06758,14.749594,9.6638498,0,0,1,3211.5723,325.60126,19.68,2,592,8.1249294,0
16.07765369,54.74932413,670581.75,535371.62,505867.53,2385.8113,2268.7554,1550.6515,42.034325,7.8975697,0,0,0,2609.5417,275.90247,43.990002,2,1940,9.6984873,0
14.47765369,55.94932413,1114614.8,259505.3,147412.75,2549.1526,261.0141,185.89319,10.145601,10.007459,0,0,1,3459.5305,327.84055,0,2,0,8.1247416,0
15.67765369,55.74932413,767431.62,33949.523,9694.4766,2611.8579,47.594318,22.685442,57.33588,7.7937469,0,0,0,2452.8396,235.06198,16.139999,2,1796,11.110084,0
15.57765369,56.04932413,845664.81,31489.199,9857.2002,2938.8486,59.439934,44.968449,25.319956,8.726263,0,0,1,2955.5039,318.43771,14.85,2,10,8.0065126,0
15.87765369,56.04932413,1790139.1,36222.332,15885.146,3051.8169,74.799416,26.065767,16.622105,8.8553886,0,0,1,3087.106,320.17319,0,2,1,7.8624511,0
15.77765369,55.94932413,1318726.2,39850.91,17068.289,3051.8169,74.799416,20.3887,26.375031,8.1980152,0,1,0,2564.1501,315.40009,8.9099998,2,1678,8.005435,0
15.77765369,55.84932413,1451267.4,46718.668,19062.666,4398.4458,50.548569,27.573341,47.982075,7.3600054,0,0,0,2395.8694,274.08691,12.42,2,132,8.944602,0
15.87765369,55.94932413,1833618.5,34757.832,13813.083,6200.6704,48.559559,30.922176,35.767342,7.7481475,0,0,1,2546.8091,296.52963,8.9399996,2,252,8.2565928,0
16.67765369,56.34932413,648821.88,11047.917,1128.1554,6898.438,24.949949,5.7288294,40.173454,6.9338751,0,0,0,2440.8372,269.94592,166.10001,2,7,7.9574842,0
15.47765369,56.04932413,1253125.9,69244.188,33533.496,10525.047,123.53625,43.67659,27.916269,8.6212769,0,0,1,2892.8303,312.87677,103.32,2,3,8.1209841,0
15.97765369,56.04932413,2215969.8,22797,8563.5,12577.525,35.462482,27.809601,31.129917,8.0463295,0,0,1,2603.8059,305.06439,3.54,2,215,8.0327616,0
12.67765369,55.64932413,1394970.9,1363125.9,1290670.6,12689.881,12642.198,12542.86,8.7980556,11.672985,0,0,0,4153.4346,300.3017,4.8899999,2,10473,16.359499,0
16.37765369,55.94932413,2086749.4,14312.376,7125.2139,24153.795,30.423517,31.395451,46.948082,6.4005103,0,0,0,2363.5845,235.55493,307.41,2,120,8.6614838,0
16.57765369,56.24932413,1504606.5,15538.068,1352.9375,25123.316,26.809832,7.5237632,18.714336,7.6155705,0,0,0,2599.4844,301.56876,48.860001,2,2,7.6868558,0
16.47765369,56.14932413,2018833.8,22038.973,7233.9756,31618.666,33.085758,15.550553,25.540249,7.7485952,0,0,1,2506.3311,300.36795,32.84,2,1,7.7259588,0
16.17765369,56.14932413,2418323.5,29713.965,9679.6309,32488.369,40.698769,19.482435,33.939468,7.8134923,0,0,1,2433.2676,302.10452,0,2,47,7.9325809,0
16.07765369,56.24932413,2482470.5,26365.006,5754.7329,36691.223,37.950809,13.876449,12.414275,9.2861156,0,0,1,3073.8831,332.85114,0.31999999,2,0,7.6398582,0
16.17765369,56.34932413,2571486.8,21692.766,87.631859,51279.684,28.106482,3.0524557,20.692501,8.8542547,0,0,0,3052.0571,325.8656,3.05,2,20,7.5876851,0
16.57765369,54.84932413,7740.5332,7133.8667,741.86664,27.641762,20.372213,2.340935,22.062714,9.9200249,0,0,0,3068.8496,324.60086,0,3,48,7.7728581,0
20.07765369,55.44932413,33337.816,15815.785,7025.0117,35.555416,17.433523,4.0168009,65.05262,6.6504188,0,0,0,2637.5383,202.28624,3.79,3,80,9.4883204,0
14.17765369,54.34932413,9047.9502,8874.3662,170.23334,43.57579,33.007458,2.5439167,14.698892,11.099133,0,0,1,6395.3486,316.29932,19.969999,3,43,8.1838551,0
14.07765369,54.34932413,9047.9502,8874.3662,170.23334,43.57579,33.007458,7.2786427,14.193726,11.150695,0,0,1,7075.4316,308.89651,48.619999,3,824,8.3456945,0
14.17765369,54.44932413,9221.8096,8710.0205,351.94882,46.68206,34.72311,23.741814,14.563638,10.553174,0,0,1,5026.0596,316.46719,29.01,3,91,8.2553186,0
13.97765369,54.34932413,12280.575,12015.483,911.78333,49.904842,41.041145,20.580421,14.692204,11.20267,0,0,1,7575.0723,299.5733,64.07,3,123,8.5826702,0
14.27765369,54.54932413,9467.6836,8477.5996,608.93335,51.074986,37.14941,6.3075323,19.66646,9.617382,0,0,1,3876.488,293.38766,39.16,3,45,8.8702393,0
14.37765369,54.44932413,9467.6836,8477.5996,608.93335,51.074986,37.14941,24.815084,11.512286,10.735174,0,0,0,4352.3276,326.17337,0,3,49,8.0490894,0
14.27765369,54.44932413,10565.868,9917.5498,1661.59,51.453522,38.725937,7.3867621,12.407556,10.645749,0,0,1,4551.3979,322.35126,0.86000001,3,24,8.1287518,0
14.07765369,54.24932413,11475.635,11110.443,2533.6392,51.767109,40.031971,8.2808256,13.044905,11.287371,0,0,1,9601.1055,306.02914,65.099998,3,879,8.2744274,0
14.27765369,54.34932413,11476.276,10954.36,2540.28,52.985867,40.61932,8.836689,8.8256445,11.03275,0,0,1,5751.5586,326.39331,37.130001,3,7,7.9750862,0
14.17765369,54.24932413,11978.425,11573.55,3023.1167,53.463585,41.486797,9.4689789,14.703482,11.216633,0,0,1,8816.417,306.39993,13.83,3,763,8.2856379,0
16.47765369,54.84932413,24316.844,23716.756,5828.6221,53.564545,42.626575,82.329124,23.552189,9.91642,0,0,0,2931.6375,323.11237,15.8,3,60,7.8153224,0
14.37765369,54.34932413,12481.215,12036.656,3512.594,55.160065,42.941624,9.4813013,8.3995066,11.001651,0,0,0,5218.875,329.01456,0,3,10,7.9427018,0
14.17765369,54.14932413,12481.215,12036.656,3512.594,55.160065,42.941624,10.657131,13.932943,11.194747,0,0,0,9338.3486,316.41153,107.95,3,2271,7.953239,0
13.97765369,54.54932413,15513.2,15156.6,1653.3334,56.233894,49.074837,8.7504148,18.54851,10.409931,0,0,1,5024.6987,292.60458,152.89,3,238,9.1143131,0
17.37765369,54.94932413,15542.358,15220.884,7817.6499,58.343742,45.05925,16.353411,26.426817,8.5032043,0,0,0,3141.6536,324.22192,18.969999,3,40,7.6598492,0
17.17765369,54.94932413,15542.358,15220.884,7817.6499,58.343742,45.05925,16.353411,20.879406,9.1075163,0,0,0,3069.6582,328.08807,24.629999,3,26,7.6110768,0
17.27765369,54.94932413,19097.795,18142,10366.566,58.343742,45.05925,39.753532,26.137167,8.795845,0,0,0,3094.353,326.30154,28.93,3,23,7.6271787,0
16.57765369,54.94932413,28338.932,27740.439,7062.876,59.854465,48.02639,75.025299,14.42276,10.421669,0,0,0,2956.3704,330.0675,2.6099999,3,21,7.6678381,0
14.57765369,54.54932413,9282.7998,9043.5996,1800,60.234531,45.152721,12.62235,22.185619,9.2639246,0,0,0,3587.5754,295.50443,102.71,3,139,8.7094727,0
14.57765369,54.34932413,9282.7998,9043.5996,1800,60.234531,45.152721,19.841282,11.317605,10.570105,0,0,0,4692.3301,328.32843,99.989998,3,5,8.0058308,0
20.17765369,55.44932413,14751.033,5559.7334,3851.3999,62.399471,33.239456,12.351557,52.113369,6.5480027,0,0,0,2741.4233,269.35345,1.72,3,25,8.3617134,0
14.47765369,54.24932413,14908.9,14272.733,5876,63.351379,49.966137,16.394041,8.8196163,10.783418,0,0,0,5824.4077,327.42679,40.130001,3,3,7.9517393,0
14.37765369,54.14932413,14908.9,14272.733,5876,63.351379,49.966137,16.394041,11.530128,10.946313,0,0,0,8996.8652,322.88669,141.2,3,7,7.9056726,0
14.37765369,54.24932413,14908.9,14272.733,5876,63.351379,49.966137,12.114117,10.123583,10.978344,0,0,0,6940.7505,326.37805,16.91,3,4,7.9238563,0
14.27765369,54.24932413,14908.9,14272.733,5876,63.351379,49.966137,16.394041,14.595102,11.062375,0,0,0,7944.5405,318.99655,46.66,3,15,8.0303774,0
14.27765369,54.14932413,14908.9,14272.733,5876,63.351379,49.966137,12.114117,13.972095,11.079918,0,0,0,9150.5107,318.84012,196.17999,3,11,7.9389195,0
14.27765369,54.04932413,14908.9,14272.733,5876,63.351379,49.966137,16.394041,12.556836,11.152476,0,0,0,9506.627,318.95898,9.2399998,3,47,7.797575,0
14.37765369,54.04932413,16902.924,15665.583,6893.7485,65.147255,50.278042,16.394041,12.514222,11.072991,0,0,0,10528.244,320.74521,30.440001,3,453,7.8137083,0
14.27765369,53.94932413,17278.611,16371.146,6862.7837,65.561852,51.591019,15.635309,8.6497698,11.200138,0,0,0,9633.3994,322.92142,0,3,2875,7.5347395,0
14.57765369,54.44932413,15719.911,15428.312,8386.667,66.362396,51.265831,39.403404,13.039255,10.306386,0,0,0,4262.5991,325.56143,18.959999,3,31,8.0432072,0
14.17765369,54.04932413,18808.523,18308.652,7226.2139,66.655807,54.074306,16.394041,13.046493,11.216634,0,0,0,9782.751,317.13397,8.1300001,3,2604,7.7791619,0
14.07765369,54.14932413,20981.543,20580.973,7841.4404,68.042603,56.149689,9.4689789,12.618083,11.265187,0,0,0,10146.58,317.14578,53.310001,3,816,7.8734679,0
14.37765369,53.94932413,18800.902,16982.127,7831.3921,68.379211,51.376823,16.364729,8.8008995,11.159727,0,0,0,9570.8965,323.08951,0,3,101,7.5672321,0
14.47765369,54.14932413,20431.123,18112.352,9062.6348,68.416977,51.259705,16.394041,13.040038,10.767066,0,0,0,8373.2285,324.09576,107.7,3,79,7.9152327,0
14.47765369,54.34932413,27167.328,25583.857,14788.403,72.149109,55.249035,14.508195,8.7094069,10.867889,0,0,0,4912.1504,328.98016,8,3,5,7.966773,0
14.47765369,54.04932413,22938.568,19505.725,10256.525,74.899818,52.740265,17.635395,11.525542,11.017445,0,0,0,12949.289,321.97641,0,3,565,7.7874112,0
14.67765369,54.34932413,65922.188,50153.012,36305.016,75.028503,59.911072,20.693361,11.104557,10.329761,0,0,0,4711.8047,328.5253,23,3,47,8.0023184,0
14.67765369,54.54932413,79192,70577.094,55340.844,75.028503,59.911072,27.912292,25.190968,9.0648098,0,0,0,3377.6755,284.29861,62.790001,3,82,8.9428368,0
18.77765369,54.44932413,63167.398,835.5,225,75.096458,15.800447,13.294243,20.883123,9.9821138,0,0,0,11595.825,313.94598,5.9400001,3,400,7.3299589,0
14.57765369,54.24932413,32633.045,27192.951,16713.553,78.994667,56.282417,21.495018,14.492257,10.334149,0,0,0,5298.8779,324.6553,8.9300003,3,56,8.0214338,0
18.27765369,56.04932413,90019.93,245.33333,245.33333,79.487534,4.0855417,4.0855417,68.716248,5.772398,0,0,0,2239.4092,172.57472,1.5,3,349,9.4608183,0
18.27765369,56.24932413,90019.93,245.33333,245.33333,79.487534,4.0855417,4.0855417,40.519108,6.345603,0,0,0,2321.3931,299.44131,44.240002,3,14,7.763865,0
13.97765369,54.24932413,28844.559,28516.18,11730.604,80.325233,69.172348,2.5439167,11.309058,11.284583,0,0,1,10239.707,311.3483,2.6300001,3,667,8.143486,0
13.97765369,54.44932413,31452.311,31095.311,11711.111,83.190331,74.344223,38.008266,15.771303,10.808905,0,0,1,6190.459,302.42871,253.22,3,377,8.6027136,0
10.67765369,54.94932413,9630.9502,7182.2832,18.666666,87.223625,46.671242,5.0079494,3.07212,11.382999,0,0,0,3558.1438,301.3624,2.24,3,0,17.348791,0
14.67765369,54.44932413,78002.719,70365.062,56005.551,87.311584,65.683441,50.816399,14.691672,10.063023,0,0,0,4109.8057,323.1629,197.03999,3,28,8.0582457,0
14.07765369,54.44932413,15414.419,15118.198,6104.0508,87.414001,73.167221,30.206558,15.740928,10.603442,0,0,1,5622.6797,309.24039,101.97,3,954,8.4190693,0
14.17765369,54.54932413,14375.342,13811.311,5992.1782,87.846245,71.729622,36.033974,18.564236,9.7838688,0,0,1,3987.7432,294.06006,34.150002,3,44,8.9034004,0
20.27765369,55.54932413,14751.033,5559.7334,3851.3999,88.282753,49.766136,28.984793,55.998749,6.4926705,0,0,0,2507.0193,244.29443,29,3,129,8.7429724,0
13.97765369,54.14932413,34361.293,33979.055,15027.521,89.364578,77.436691,22.183771,11.489654,11.280907,0,0,0,12048.898,320.0209,45.509998,3,12,7.6398582,0
14.57765369,54.14932413,34774.52,27164.057,16748.408,92.007217,57.069283,20.41272,13.034019,10.590424,0,0,0,8285.2725,322.26266,0,3,113,7.9412127,0
13.97765369,54.04932413,36123.957,35689.977,16152.331,92.882454,80.395447,26.010736,3.0728946,11.197649,0,0,0,34871.508,332.52176,0,3,68,4.0848603,0
12.97765369,54.64932413,9813.7998,9373.333,822,93.442001,67.133659,10.400642,15.952414,10.646524,0,0,0,4085.3853,306.60205,4.9200001,3,297,11.792887,0
12.97765369,54.44932413,9813.7998,9373.333,822,93.442001,67.133659,10.400642,3.0721138,11.068091,0,0,0,10147.176,322.05176,2.2,3,2,10.021262,0
12.87765369,54.54932413,27909.25,26298.969,721.94769,93.442001,67.133659,104.29979,10.101432,10.8276,0,0,0,5322.5034,313.08813,4.8299999,3,29,11.27406,0
12.97765369,54.54932413,29787.389,26809.818,1183.6617,93.442001,67.133659,10.400642,7.5384922,10.835136,0,0,0,6437.1914,314.34985,4.54,3,12,11.035812,0
10.47765369,56.94932413,21418.834,15712.3,0.89999998,99.091469,58.699924,1.0003604,8.800992,10.516912,0,0,0,3865.0344,297.29486,5.8499999,3,1,25.991997,0
10.57765369,56.94932413,21418.834,15712.3,0.89999998,99.091469,58.699924,3.5321133,9.7011442,10.534843,0,0,0,2946.4678,295.43695,0.75,3,77,26.354189,0
10.67765369,56.84932413,21418.834,15712.3,0.89999998,99.091469,58.699924,1.0003604,11.352798,10.591675,0,0,0,2791.5789,290.82733,0,3,87,26.798485,0
10.37765369,56.84932413,21418.834,15712.3,0.89999998,99.091469,58.699924,1.0003604,6.3690696,10.626596,0,0,0,5273.8223,299.28659,3.1500001,3,2,25.209345,0
10.57765369,56.64932413,21418.834,15712.3,0.89999998,99.091469,58.699924,1.0003604,9.755435,10.731176,0,0,0,4505.7329,294.39282,0.49000001,3,201,26.10128,0
10.77765369,56.84932413,21418.834,15712.3,0.89999998,99.091469,58.699924,1.47287,12.926565,10.769559,0,0,0,2793.7964,287.84006,0,3,687,26.901264,1
10.37765369,56.74932413,22075.861,16045.872,3.3005109,100.11517,59.076584,1.0003604,5.2375965,10.69234,0,0,0,8074.5879,301.51468,4,3,1,24.400276,0
15.77765369,54.34932413,33621.102,23800.834,5857.8999,100.38922,59.893326,15.671045,25.310974,8.920845,0,0,0,4487.1489,300.9617,136.77,3,25,8.6053658,0
20.57765369,55.44932413,76524.719,57568.285,14548.25,100.72558,64.538559,29.108061,41.871758,7.1346922,0,0,0,3002.7285,311.97522,0,3,24,7.6310387,0
14.57765369,54.04932413,36373.547,27450.857,17087.977,101.38657,58.225754,21.807943,10.11769,11.000861,0,0,0,15992.094,322.13324,0,3,15,7.7723975,0
13.87765369,54.44932413,43523.945,43166.641,19328.463,103.60604,93.482231,46.73587,16.54398,10.980662,0,0,0,6586.9341,292.58771,83.940002,3,661,9.0545549,0
20.27765369,55.24932413,49053.582,26933.545,10885.964,105.2609,41.093056,19.235537,43.912495,7.4784408,0,0,0,2838.8462,312.25693,511.10999,3,23,7.5206318,0
16.67765369,55.04932413,57469.465,56882.535,16002.134,105.41011,87.1353,14.013977,33.414936,8.8907804,0,0,0,2612.75,315.93024,8.7399998,3,52,8.2413454,0
16.67765369,54.84932413,57469.465,56882.535,16002.134,105.41011,87.1353,24.454662,26.513668,9.7788715,0,0,0,3118.5481,324.95441,14.49,3,54,7.7542124,0
14.37765369,54.54932413,63031.805,59058.211,39991.82,106.20172,79.538498,36.782059,18.55114,9.6320705,0,0,0,3849.0938,300.87354,6.4200001,3,863,8.6606865,0
20.37765369,55.54932413,105303.49,82704.25,37435.121,106.92088,68.131424,35.930325,54.764179,6.5122166,0,0,0,2579.2605,256.21414,33.049999,3,130,8.4874086,0
16.57765369,54.74932413,85319.406,59308.477,42155.945,107.51871,72.158394,43.139393,35.321976,8.966856,0,0,1,3076.9731,307.90479,9.2799997,3,202,8.194128,0
14.07765369,54.54932413,56809.379,55689.391,44119.379,110.11092,92.67321,45.496803,18.340101,10.102585,0,0,1,4494.1128,293.1684,40.619999,3,81,8.9782362,0
13.07765369,54.44932413,33438.453,31775.92,11803.517,110.11919,82.494781,10.400642,3.0757167,11.102736,0,0,0,12082.466,327.34619,64.879997,3,0,8.9421062,0
20.57765369,55.64932413,73269.523,62168.773,35195.59,110.37272,72.283302,43.762642,50.189659,6.4350004,0,0,0,3090.9675,267.24762,874.12,3,814,8.1839361,0
13.87765369,54.14932413,47478.84,47005.855,22424.148,111.63479,98.611542,38.643822,8.3446617,11.292763,0,0,0,14155.457,324.19031,27.82,3,40,7.5331717,0
13.87765369,54.24932413,48602.922,48243.137,23088.799,113.15568,101.39016,53.972195,5.9386387,11.271128,0,0,0,11420.262,317.18445,20.82,3,21,7.9797096,0
14.47765369,54.54932413,65799.164,62104.848,43666.469,113.31757,85.827698,44.523521,18.5515,9.5105782,0,0,0,3759.6755,301.40536,23.389999,3,163,8.6075277,0
20.67765369,55.64932413,73269.523,62168.773,35195.59,115.19629,76.15567,47.533031,47.300594,6.5048361,0,0,0,3313.8867,293.46872,707.71002,3,639,7.8048038,0
20.77765369,55.64932413,87256.516,62807.559,35425.219,115.19629,76.15567,44.123398,43.938892,6.8139024,0,0,1,3597.561,311.64383,273.29001,3,477,7.5504899,0
20.87765369,55.64932413,106988.88,63642.148,35535.188,115.19629,76.15567,47.533031,36.467545,7.6601419,0,0,1,3997.6428,323.58606,59.220001,3,702,7.3524408,0
20.67765369,55.74932413,70014.336,66769.266,55842.934,115.19629,76.15567,47.533031,42.899578,6.9168715,0,0,0,3584.572,315.34509,175.03999,3,134,7.478097,0
20.67765369,55.84932413,70014.336,66769.266,55842.934,115.19629,76.15567,47.533031,36.830257,7.6499624,0,0,0,3728.8083,323.24048,245.35001,3,97,7.3016052,0
20.37765369,55.14932413,56981.824,33885.293,12121.585,115.22367,49.085724,22.923887,38.055882,8.0077114,0,0,0,3082.1089,318.04193,1063.17,3,10,7.355926,0
13.07765369,54.64932413,43863.543,40911.578,17119.014,116.32314,87.023872,32.220661,16.538448,10.662307,0,0,0,4340.2188,305.86945,53.93,3,376,11.759103,0
12.47765369,55.14932413,34849.898,24495.334,8334.1338,117.57919,85.539307,19.717173,16.235075,11.184796,0,0,0,3024.0132,311.05554,2.9400001,3,27,11.44187,0
12.37765369,55.14932413,34849.898,24495.334,8334.1338,117.57919,85.539307,19.717173,11.518058,11.322017,0,0,0,3120.8772,313.75372,12.08,3,14,10.872995,0
20.57765369,55.14932413,68253.891,48371.074,14985.164,118.53731,70.067924,30.283886,27.910835,9.4207249,0,0,0,3641.3206,321.53677,8.0299997,3,2,7.1379108,0
17.57765369,55.64932413,57466.398,26810.4,22228,119.04733,52.511219,30.540764,38.56789,7.9696479,0,0,0,2837.894,308.69342,18.5,3,34,7.645822,1
17.37765369,55.64932413,57466.398,26810.4,22228,119.04733,52.511219,46.579567,18.018192,9.9503593,0,0,1,2912.0825,334.14944,1.92,3,19,7.4804688,0
12.47765369,55.34932413,49641.426,29814.596,15998.023,119.85114,74.976456,22.942516,18.001146,11.231245,0,0,0,3224.0034,306.85153,40.779999,3,1021,13.21725,0
15.57765369,54.34932413,49822.168,34484.699,17569.934,123.03905,78.312057,25.178251,23.01483,8.8924236,0,0,0,3970.0044,305.5032,517.13,3,82,8.5185537,0
15.37765369,54.34932413,49822.168,34484.699,17569.934,123.03905,78.312057,54.422581,25.329906,8.9691381,0,0,0,4128.0908,313.95087,253.06,3,278,8.2718983,0
15.47765369,54.24932413,49822.168,34484.699,17569.934,123.03905,78.312057,37.83073,14.096113,9.9296064,0,0,0,7729.9956,319.52072,218.71001,3,118,8.037674,0
12.57765369,55.44932413,70559.797,37337.168,26836.4,123.06416,60.038342,27.164261,14.64374,11.19351,0,0,0,3313.4939,311.23297,0,3,144,12.487516,1
12.37765369,55.44932413,70559.797,37337.168,26836.4,123.06416,60.038342,3.1266916,11.525955,11.516389,0,0,0,3822.4619,306.48819,19.879999,3,634,12.81392,0
13.47765369,54.24932413,48804.438,46873.742,22108.119,123.44668,95.21244,34.416759,7.5519447,11.234547,0,0,0,16048.711,327.60129,11.51,3,5,7.3297215,0
14.57765369,55.04932413,121455.4,115886.34,93594.664,124.22652,92.349022,47.052052,28.723246,10.221121,0.5,0,0,2933.3281,299.89041,58.02,3,108,9.8161869,0
12.87765369,54.74932413,53299.324,48734.02,16273.547,124.37857,83.758858,60.608898,20.8556,10.616511,0.5,0,0,3404.3547,306.02234,17.27,3,4272,12.014977,0
20.47765369,56.34932413,201766.91,62869.445,8325.6191,124.50128,34.859161,10.654197,29.931135,7.5833797,0,0,1,2887.5999,328.7803,0,3,132,7.3742356,0
12.87765369,55.04932413,28725.898,24364.912,8150.5557,124.64117,83.749367,18.11471,25.358715,10.740911,0.5,0,0,2828.7327,300.88055,0.47999999,3,64,11.402659,1
10.07765369,55.04932413,90234.336,87962.531,3396.8,124.81265,106.90842,7.4084806,17.694849,9.9800901,0,0,0,2666.4534,218.50616,46.110001,3,0,20.637407,0
14.77765369,54.84932413,41231.617,30995.1,11437.333,124.98253,78.846977,30.701529,39.909866,9.0366659,0,0,0,2973.4126,277.72653,632.73999,3,158,9.2921381,1
14.47765369,54.44932413,78666.227,74038.703,51875.66,125.03074,94.298096,34.598747,11.513791,10.576509,0,0,0,4354.3384,327.12021,13.6,3,24,8.0244675,0
14.87765369,54.94932413,81178.477,65561.594,49255.316,125.39383,82.477043,45.475521,30.007666,9.7704906,0,0,0,3175.1387,309.2756,54.580002,3,69,8.5328207,0
12.77765369,55.24932413,41282.75,38733.766,19915.334,126.67313,95.46125,24.656284,22.539951,10.854198,0,1,0,3043.4717,312.47525,10.35,3,4151,9.509676,0
14.27765369,54.64932413,55000.707,51701.215,36175.301,128.08058,100.53311,57.656261,29.890705,9.4995394,0,0,1,3571.04,302.4631,330.29001,3,46,8.8250809,0
12.87765369,55.24932413,36081.531,32781.992,15042.203,128.19588,94.525574,23.856676,23.120752,10.778312,0,1,0,3074.1426,311.14081,3.03,3,57,9.2894983,0
13.57765369,54.24932413,54139.641,52786.645,25677.586,128.46251,106.10996,45.917053,7.5474086,11.274471,0,0,0,16702.09,326.46609,26.68,3,21,7.3828549,0
13.87765369,54.54932413,84294.227,79560.789,58560.375,130.05548,107.55163,61.072155,19.610985,10.719587,0,0,1,5297.978,289.57971,365.64999,3,402,9.6835041,0
12.77765369,55.34932413,41282.75,38733.766,19915.334,130.70944,102.1455,28.225845,5.3111701,11.240191,0,1,0,3346.3721,323.2619,0,3,5,8.9363861,0
12.47765369,55.44932413,58656.5,33056.555,20668.979,131.23499,82.936417,25.582163,14.258216,11.314976,0,0,0,3354.9075,306.88284,3.2,3,667,13.130171,0
14.77765369,54.94932413,80127.516,58553.168,36073.832,131.6656,85.403732,43.195103,16.556383,10.516616,0,0,0,3237.365,324.0256,33.41,3,55,8.1736631,0
11.27765369,56.04932413,40262.766,28504.6,171.73334,132.28981,71.316269,7.0703673,16.511599,10.717911,0,0,0,2411.6479,266.23581,20.190001,3,146,27.247936,0
20.67765369,54.94932413,70752.609,47857.41,15564.354,132.75403,72.960396,29.933273,3.0721133,10.783847,0,0,0,36109.742,352.56427,0,3,0,0.057777524,0
17.47765369,55.04932413,37800.953,32138.721,21404.635,133.56113,76.98983,751.85431,36.144318,7.6444368,0,0,0,3171.5032,316.81375,0,3,54,7.8628836,1
17.27765369,54.84932413,47404.316,38894.121,26325.686,133.56113,76.98983,47.719479,20.336565,9.3398981,0,0,0,3768.2881,324.76511,6.0700002,3,2220,7.6392441,0
14.67765369,54.84932413,99264.047,77401.273,51585.074,134.01074,91.556694,56.781033,23.58396,10.007675,0,0,0,3097.5408,311.32422,299.59,3,63,8.4194498,1
14.17765369,54.64932413,86581.578,84888.172,72998.102,134.50909,111.47638,60.074791,28.547527,9.6100683,0,0,1,3639.8218,297.42783,43.75,3,207,9.0606546,0
20.67765369,55.14932413,74116.805,53197.547,16444.074,134.97597,82.737999,32.469902,20.508215,10.14912,0,0,0,4420.1206,326.44598,0,3,3,6.9522467,0
12.67765369,54.84932413,49159.734,43841.379,10447.556,135.49182,97.548904,29.940956,17.930222,10.709481,0,0,0,3181.6538,307.21497,2.71,3,116,12.107978,0
20.17765369,55.24932413,51665.836,20758.691,8682.4375,136.48886,33.739784,13.628481,48.01646,6.9670563,0,0,0,2802.8748,305.70413,883.41998,3,25,7.7127581,0
13.77765369,54.44932413,63330.535,62972.734,31826.666,137.10321,124.883,53.972195,16.530859,11.058695,0,0,0,7556.8511,287.10379,113.99,3,522,9.5062628,0
13.87765369,54.34932413,63330.535,62972.734,31826.666,137.10321,124.883,36.452106,17.743021,11.202861,0,0,0,8115.6338,289.43851,28.18,3,889,8.9404097,0
13.77765369,54.34932413,63330.535,62972.734,31826.666,137.10321,124.883,53.972195,14.666606,11.255901,0,0,0,9844.9766,292.23804,15.93,3,305,8.9449959,0
13.77765369,54.24932413,63330.535,62972.734,31826.666,137.10321,124.883,53.972195,5.2374363,11.324142,0,0,0,14618.518,322.93164,29.84,3,192,7.7297449,0
20.27765369,55.14932413,56531.945,26781.574,10347.287,137.22391,40.721512,18.206022,43.869774,7.1686854,0,0,0,3030.5696,308.37665,2006.9,3,73,7.583909,0
20.87765369,55.54932413,96537.359,61953.398,30083.086,137.44852,84.859642,42.016129,35.543861,7.8050365,0,0,1,3719.8835,321.87729,23.639999,3,25,7.392993,0
20.37765369,55.04932413,60978.137,32236.854,11481.133,137.68442,47.314819,21.323069,28.057943,9.0343771,0,0,0,3754.7163,323.44214,147.99001,3,39,7.1780577,0
16.67765369,54.74932413,108808.93,66289.055,48005.898,137.72591,87.6791,46.379059,32.539337,9.0388298,0,0,1,3285.2864,309.9429,18.219999,3,65,8.0944033,0
20.27765369,55.84932413,104437.08,85196.461,52491.297,137.78061,83.29538,44.921871,49.664047,6.4437628,0,0,0,2512.5227,288.89725,179.52,3,34,7.8221092,1
9.777653694,55.24932413,66741.867,37818.215,449.13068,138.05373,79.358818,6.4075842,11.02709,11.1726,0,0,0,4017.3335,291.02103,8.8500004,3,0,18.379637,0
20.67765369,55.34932413,78029.711,57657.09,16217.129,138.18147,86.567596,33.437706,29.487366,8.6045237,0,0,0,3327.3975,327.14133,2.96,3,1,7.2913632,0
20.07765369,55.34932413,49618.531,16934.174,6765.4165,138.21906,28.206774,9.5399475,57.078465,6.5249314,0.5,0,0,2808.0239,258.64633,34.700001,3,53,8.5602808,0
20.97765369,55.54932413,110393.38,63180.277,32980.301,138.51979,81.84446,41.816486,27.72752,8.8355904,0,0,1,4663.4487,329.28537,0.61000001,3,1,7.2164316,0
20.57765369,55.74932413,70014.336,66769.266,55842.934,138.62672,91.413773,52.274326,45.861824,6.668097,0,0,0,3361.5818,305.60693,108.76,3,99,7.6083651,0
10.37765369,54.94932413,80595.258,76931.281,2841.6335,140.043,108.28542,2.9816051,12.662811,11.139211,0,0,0,3638.262,292.77734,20.620001,3,0,17.560709,0
20.77765369,55.04932413,76971.805,54191.477,17750.135,140.19606,85.229424,33.34346,3.8761606,10.724451,0,0,0,31788.861,350.86096,0,3,0,0.50000316,0
12.37765369,54.74932413,64147.379,53715.648,1705.4708,140.76071,99.654922,7.0515094,20.236584,10.799823,0.5,0,0,3593.3896,284.51614,15.29,3,53,15.135642,0
10.57765369,54.44932413,95994.469,94464,1456,141.05099,109.38972,3.6589205,16.538891,11.193521,0,0,1,2659.5247,269.73523,211.09,3,18,19.761604,0
14.77765369,54.54932413,112956.27,91797.539,68782.727,141.5316,110.04397,66.283958,31.16379,8.8481016,0,0,0,3196.0132,268.69675,74.540001,3,109,9.2993202,0
12.97765369,54.74932413,54295.199,45479.602,2660,142.22015,102.09523,30.649235,25.779631,10.618513,0.5,0,0,3313.4924,303.83295,16.719999,3,1517,12.131711,0
20.27765369,55.94932413,177226.75,82303.461,45423.258,142.70625,76.477982,51.912197,38.594177,7.1058416,0,0,0,2744.6313,318.38766,90.709999,3,51,7.4502439,1
14.57765369,54.74932413,100812.35,86722.727,63722.957,143.28104,103.91554,59.73584,35.527431,9.178093,0,0,0,3227.771,293.31985,449.54999,3,32,8.8069572,1
20.77765369,55.44932413,83045.039,59289.938,20886.826,143.35306,89.609169,37.13546,42.059978,7.3262849,0,0,1,3277.4731,311.00443,0,3,9,7.5866766,0
10.97765369,56.94932413,85179.797,72491.602,23.333334,143.37607,95.261787,2.0102558,10.001212,10.905918,0,0,0,2464.2559,295.11975,2.1300001,3,7,24.851822,1
11.07765369,57.04932413,85179.797,72491.602,23.333334,143.37607,95.261787,2.0102558,6.37886,10.917517,0,0,0,2628.9707,300.49908,0,3,0,23.338335,0
11.17765369,56.84932413,85179.797,72491.602,23.333334,143.37607,95.261787,2.0102558,14.714447,10.930655,0,0,0,2137.9099,286.89801,0.92000002,3,60,26.58659,1
10.97765369,56.84932413,85179.797,72491.602,23.333334,143.37607,95.261787,2.0074425,13.040197,10.949497,0,0,0,2450.512,284.78143,2.3099999,3,61,26.874321,1
11.07765369,56.94932413,85179.797,72491.602,23.333334,143.37607,95.261787,2.0102558,7.5881944,10.962381,0,0,0,2377.6409,295.69946,0,3,1,24.315796,1
11.17765369,56.94932413,85179.797,72491.602,23.333334,143.37607,95.261787,2.0102558,10.064064,10.970634,0,0,0,2307.5911,294.86356,0.079999998,3,4,24.517231,1
11.07765369,56.84932413,85179.797,72491.602,23.333334,143.37607,95.261787,2.0102558,14.632874,10.983886,0,0,0,2273.0972,283.68958,1.25,3,91,27.021564,1
11.17765369,56.74932413,159022.08,92588.453,99.824768,143.37607,95.261787,3.5887458,16.536142,11.055894,0,0,0,2121.8796,275.13751,0.41999999,3,60,28.417013,0
14.77765369,54.44932413,126039.56,84619.086,63547.648,143.70348,118.37663,61.05217,18.551619,9.7822113,0,0,0,3911.8069,319.31729,177.05,3,44,8.0947895,0
14.67765369,54.24932413,64744.145,46138.219,32830.297,144.04228,69.758163,29.999405,16.22888,10.038442,0,0,0,5226.8877,324.36966,2.1300001,3,98,8.0394173,0
12.47765369,54.84932413,51487.621,46319.496,8334.5732,144.06497,104.32372,26.408154,18.114159,10.795223,0.5,0,0,3419.405,294.64615,11.84,3,37,13.593664,0
10.17765369,54.54932413,62208.984,59096.938,2297.8726,145.46829,105.05682,6.4524264,16.517725,10.830936,1,0,1,3348.3516,246.94681,253.19,3,84,20.079943,0
16.77765369,54.84932413,101751.73,65373.344,42262.449,145.54924,91.395958,49.471653,28.122614,9.5238276,0,0,0,3096.634,322.32794,83.809998,3,71,7.8165517,0
11.77765369,54.54932413,65067.617,60472.695,389.70779,145.5658,104.26486,5.3335938,6.433486,11.331003,0,0,0,3995.8264,310.64597,3.72,3,0,13.149652,0
13.97765369,54.64932413,102014.37,98429.695,83217.734,146.03212,119.90375,71.805344,23.474051,10.248873,0,0,1,4220.6011,293.27634,11.06,3,871,9.8379602,0
12.47765369,54.74932413,60708.035,54255.227,8102.4082,146.92665,103.98864,50.784595,18.577063,10.72683,0,0,0,3699.7085,290.74075,17.1,3,1702,14.20989,0
20.87765369,55.04932413,81260.305,56690.43,19504.549,147.03642,90.455391,34.784782,4.1348701,10.7175,0,0,0,32459.439,352.0618,0,3,0,0.027321992,0
10.47765369,54.44932413,91940.211,86740.57,1103.75,147.61075,113.55666,6.418962,14.627201,11.294223,0,0,1,2761.2678,279.16327,49.380001,3,184,18.849464,0
14.37765369,54.64932413,89610.945,84295.469,60669.434,148.0762,111.33969,49.699211,29.885933,9.4348907,0,0,0,3522.6597,305.00818,36.869999,3,37,8.6854467,0
12.17765369,57.14932413,41878,36048.035,160,149.01199,60.773663,6.46872,5.2776895,10.836164,0,0,0,3554.5369,298.52411,152.77,3,0,22.886393,0
17.47765369,54.94932413,26208.666,23984.232,15464.4,149.13916,83.602875,54.215607,29.329895,8.3744392,0,0,0,3233.5535,320.44968,16.74,3,47,7.7161355,0
17.37765369,54.84932413,92482.219,57405.043,44643.965,149.13916,83.602875,54.215607,20.052933,9.215704,0,0,0,3708.0667,323.33954,0.55000001,3,2285,7.6530614,0
13.17765369,54.64932413,82653.398,79029.367,36238.285,149.72038,113.89776,46.191494,14.117951,10.713628,0,0,0,4793.9731,307.10999,94.559998,3,313,11.484595,0
10.77765369,56.64932413,84540.602,76226.336,2.5333333,149.94937,110.95153,2.0011516,8.7947407,10.869551,0,0,0,3510.1226,290.93948,52.68,3,54,26.355829,0
10.87765369,56.64932413,84540.602,76226.336,2.5333333,149.94937,110.95153,2.0011516,8.7953539,10.895171,0,0,0,3198.394,285.03311,44.470001,3,186,26.888454,0
10.77765369,56.54932413,84540.602,76226.336,2.5333333,149.94937,110.95153,2.0011516,7.3595519,11.019699,0,0,0,4400.083,291.34497,20.51,3,11,25.9988,0
12.07765369,54.64932413,71654.023,59937.227,1600.212,150.07417,99.241859,7.4822102,11.526282,11.174746,0,0,0,3827.9548,306.50247,0.1,3,7,12.67126,0
10.67765369,56.94932413,21418.834,15712.3,0.89999998,150.09962,80.672066,4.393981,10.122942,10.620378,0,0,0,2745.437,293.83932,0.50999999,3,138,26.442652,0
12.77765369,54.84932413,82622.883,76151.82,37237.766,150.21713,110.43567,55.615238,20.280338,10.696984,0.5,0,0,3127.1953,308.00769,1.85,3,58,11.825377,0
20.97765369,55.34932413,92727.719,60707.508,25413.512,150.53818,92.779655,37.874367,14.123422,10.05479,0,0,0,7647.5229,334.40118,0,3,0,6.3679142,0
12.57765369,54.84932413,60034.621,53673.289,15514.889,150.688,111.01244,28.590199,16.538826,10.740178,0,0,0,3308.8145,303.90585,4.2800002,3,1954,12.588644,1
21.17765369,54.94932413,86811.594,58944.754,22241.17,150.8764,93.113274,36.308979,3.0721133,10.825705,0,0,0,33528.137,353.42807,0,3,0,0.021890344,0
13.07765369,54.74932413,72116.43,70541.93,51874,151.12563,110.66979,40.259422,29.877501,10.613372,0.5,0,0,3294.5881,300.97482,13.63,3,1077,12.40184,0
20.77765369,55.24932413,81363.508,57916.469,18882.723,151.30945,94.140953,36.499226,20.833534,9.768816,0,0,0,4006.561,329.05005,0,3,5,7.1049089,0
12.07765369,57.24932413,41878,36048.035,160,151.34291,57.56982,6.4228802,9.6133738,10.532418,0,0,0,3005.7788,282.59146,74.080002,3,0,27.905523,0
16.37765369,54.74932413,128590.03,117817.07,113988.66,151.34329,122.10398,71.277901,36.868092,8.6686201,0,0,0,2784.1697,302.53375,94.440002,3,1814,8.4543762,0
16.37765369,54.64932413,128590.03,117817.07,113988.66,151.34329,122.10398,102.38655,29.885406,8.9453793,0,0,1,3305.9951,308.00061,3.5899999,3,6,8.2619381,0
16.27765369,54.54932413,128590.03,117817.07,113988.66,151.34329,122.10398,168.11871,25.362253,9.0510511,0,0,0,4001.1814,311.46124,13.76,3,22,8.1936541,0
16.37765369,54.54932413,128590.03,117817.07,113988.66,151.34329,122.10398,92.580597,18.523649,9.799222,0,0,1,5736.0825,318.89856,0,3,19,7.908124,0
16.37765369,54.44932413,128590.03,117817.07,113988.66,151.34329,122.10398,102.38655,5.2373662,10.230761,0,0,0,8182.4185,324.73276,0,3,23,7.7150397,0
16.27765369,54.74932413,460939.31,263438.75,252178.98,151.34329,122.10398,1828.1619,38.541256,8.334178,0,0,0,2632.8149,296.9985,17.459999,3,245,8.7549038,0
21.07765369,55.04932413,87094.375,59158.41,22344.199,151.44867,93.605721,36.422234,4.1346869,10.723771,0,0,0,33452.41,353.06223,0,3,0,0.026769808,0
17.47765369,55.64932413,124241.89,43479.707,36032.219,151.70001,61.284477,34.017097,26.464653,9.4168291,0,0,0,2880.3633,330.72141,0,3,20,7.490273,0
21.17765369,55.04932413,88508.625,59623.484,23092.768,151.85776,93.850883,36.780361,3.0721133,10.769755,0,0,0,33170.133,354.15863,0,3,0,0.023230094,0
21.17765369,55.14932413,89805.062,60033.293,23783.373,152.12788,93.998352,37.106018,3.0721133,10.754647,0,0,0,32301.814,353.4964,0,3,0,0.021896129,0
20.97765369,55.14932413,86404.094,59112.32,21891.512,152.18909,94.214142,36.287273,4.0478063,10.68988,0,0,0,31372.412,352.35477,0,3,0,0.043095641,0
21.07765369,55.14932413,88565.406,59720.879,23093.256,152.30623,94.187439,36.805431,4.0322361,10.700629,0,0,0,32715.414,353.05078,0,3,0,0.028112113,0
12.37765369,55.54932413,70559.797,37337.168,26836.4,152.4464,113.47866,61.486168,8.7630272,11.463525,0,0,0,3835.1167,313.27365,116.57,3,0,11.827075,0
21.07765369,55.24932413,90222.859,60178.672,24032.395,152.59299,94.290031,37.18224,4.0228353,10.708307,0,0,0,32346.305,352.69614,0,3,0,0.03992153,0
20.77765369,55.84932413,128684.72,66276.75,41583.238,153.8067,68.387009,47.533031,33.949165,8.2012501,0,0,0,4041.9805,322.7995,105.07,3,305,7.2351823,0
14.67765369,54.14932413,61467.395,42096.48,29646.031,154.05635,68.606064,29.543682,13.034174,10.453716,0,0,0,8379.0732,321.76855,19.43,3,273,7.9620528,0
10.67765369,56.04932413,101276.47,59214.699,687,155.29329,79.478294,7.8135638,23.300207,10.480419,0,0,0,2629.2344,267.45612,12.09,3,1106,27.329086,0
12.97765369,54.84932413,91670.039,83940.625,33127.281,155.31512,100.38406,15.164547,29.91806,10.638729,0.5,0,0,2971.7983,298.20169,12.31,3,99,12.266944,0
14.67765369,54.04932413,59581.246,40072.078,28154.434,155.44862,68.066475,29.913563,10.087574,10.961621,0,0,0,19794.018,321.31003,0.15000001,3,27,7.6239567,0
10.97765369,56.24932413,97146.867,19958.801,963.77332,155.62483,62.221336,10.129262,20.255411,10.469808,0,0,0,2440.3748,263.84958,954.32001,3,71,29.286474,0
10.97765369,55.04932413,65343.812,59834.871,100.38354,156.16949,100.19003,5.2390118,28.459547,10.074726,1,0,0,2927.4084,265.74698,226.59,3,31,25.097067,0
12.97765369,55.04932413,87910.703,79237.953,33193.676,156.24123,112.45694,29.114082,19.793625,10.646419,0.5,0,0,2881.2642,307.21219,18.65,3,37,10.439603,0
20.17765369,55.94932413,96667.953,81421.695,52588.57,156.58145,101.81799,50.803303,42.351639,6.8171587,0,0,0,2568.6956,310.81271,124.11,3,98,7.58178,0
20.07765369,55.94932413,119836.25,104331.7,63897.699,156.58145,101.81799,44.659996,53.962852,6.4106655,0,0,0,2493.2134,279.78137,85.220001,3,69,7.9956656,0
20.07765369,56.04932413,119836.25,104331.7,63897.699,156.58145,101.81799,41.016209,50.143303,6.4986777,0,0,0,2498.8992,297.03058,10.16,3,48,7.7767196,0
10.87765369,55.14932413,73487.914,59853.723,81.691406,156.63754,89.985176,5.1965714,13.903752,10.768485,0,0,0,2877.1616,267.40982,14.55,3,1,24.277494,0
12.37765369,54.64932413,63731.137,54655.461,3288.8127,156.63803,108.10477,19.150908,17.625532,10.83974,0,0,0,3695.928,288.87482,0,3,2264,15.034847,0
20.97765369,56.44932413,257016.52,69294.75,11447.497,157.90973,50.050419,19.67638,3.0721133,10.333838,0,0,1,7810.356,342.24786,0,3,0,6.2223248,0
12.87765369,54.44932413,40704.668,38267.199,651.20001,158.65816,133.10458,10.400642,6.3733592,11.023129,0,0,0,9562.6104,318.78928,0,3,3,10.493722,0
11.27765369,55.94932413,68446.492,42056.602,266.41266,159.06004,80.139359,7.0703673,10.123711,10.964523,0,0,0,2474.1262,282.5943,0,3,8,22.178404,0
12.87765369,54.84932413,77983.492,70221.5,25491.803,159.52118,112.98238,29.361782,22.450274,10.693148,0.5,0,0,3043.3721,306.87631,0,3,87,11.714774,0
20.37765369,55.84932413,134082.27,107840.22,60321.992,159.72693,97.867393,45.157028,46.359592,6.6344614,0,0,0,2751.1238,300.77551,124.6,3,44,7.6387978,1
11.17765369,54.14932413,64928.602,58909.867,4722.6665,160.22176,106.41776,13.270638,20.88176,10.717278,0,0,1,3457.7737,224.55397,48.759998,3,127,19.070841,0
12.17765369,54.44932413,52428.367,40039.066,380.60001,160.64696,99.371201,12.725488,18.572187,10.826028,0,0,0,3542.8386,287.1792,42.509998,3,8930,16.193882,0
11.37765369,56.34932413,79638.836,65683.867,3.8666666,161.03627,88.526245,2.0017209,18.591288,10.496604,0,0,0,2228.2,260.92874,6.25,3,128,30.00561,0
11.27765369,56.34932413,79638.836,65683.867,3.8666666,161.03627,88.526245,4.686038,18.581306,10.497707,0,0,0,2253.7656,263.77139,0,3,148,29.846989,0
11.17765369,56.34932413,79638.836,65683.867,3.8666666,161.03627,88.526245,2.0017209,20.868811,10.502406,0,0,0,2278.0017,256.99045,11.65,3,182,30.460615,1
16.67765369,54.64932413,151522.47,57127.133,47502,161.06114,104.61463,57.123734,20.682919,9.8794641,0,0,1,4975.2246,318.9834,0,3,10,7.8187013,0
14.27765369,54.84932413,131725,86596.594,50481.797,161.10072,112.79287,47.649857,23.062601,10.39978,0,0,1,3494.95,306.61307,30.9,3,48,9.4015512,0
20.87765369,55.84932413,163435.28,65604.805,33789.488,161.12447,63.260262,38.767345,28.35054,9.0773115,0,0,0,5271.0312,323.7803,26.879999,3,32,7.1332202,0
14.37765369,54.94932413,130535.1,85397.992,50516.504,161.13275,111.86539,45.348831,31.460257,10.199537,0.5,0,0,3192.7122,285.86923,4.0100002,3,46,10.684287,0
11.67765369,54.54932413,71596.734,67790.266,461.33334,161.85515,120.8679,8.1330919,7.6145887,11.266451,0,0,0,3897.7678,307.62469,0,3,2,13.744411,0
20.47765369,55.74932413,102048.3,87304.742,58082.465,162.077,100.82065,45.95295,48.405235,6.5026283,0,0,0,2902.9011,288.58636,272.67001,3,96,7.8266411,0
15.67765369,54.34932413,127078.05,50377.25,34927.746,162.53311,80.944176,39.086445,26.356003,8.775773,0,0,0,4039.4302,298.63824,386.14001,3,38,8.7102423,0
11.17765369,56.04932413,64950.543,51061.512,379.97778,163.44221,91.213043,9.8929873,20.08885,10.483151,0,0,0,2475.3054,266.54788,4.7800002,3,724,27.670191,0
20.37765369,54.94932413,66111.961,30951.428,10997.706,163.91373,46.078949,20.126474,7.2103882,10.36217,0,0,0,5211.0757,329.86453,0,3,2,6.8384891,0
20.67765369,55.44932413,76524.719,57568.285,14548.25,164.66679,102.14448,36.499226,49.265087,6.9142537,0,0,0,3095.4277,300.125,0,3,37,7.7640467,0
20.77765369,55.34932413,82750.016,58848.316,19356.842,164.66679,102.14448,33.635696,26.463444,8.7913647,0,0,0,3514.5376,326.88608,0,3,0,7.2762361,0
17.57765369,54.94932413,137034.78,75417.367,62469.699,164.71719,90.215912,60.711731,23.136425,8.6145477,0,0,0,3365.8457,319.80103,13.26,3,337,7.7048826,0
18.17765369,55.14932413,132307.94,83404.664,74960,164.75513,96.816933,69.010689,68.656578,6.9177713,0,0,0,2925.47,228.72176,49.66,3,96,10.273993,0
18.17765369,54.94932413,132307.94,83404.664,74960,164.75513,96.816933,69.010689,26.417433,8.4924097,0,0,0,4256.1382,321.71835,105.24,3,455,7.629405,0
18.27765369,55.04932413,159407.2,107562.13,95217.258,164.75513,96.816933,211.99178,63.213333,7.121953,0,0,0,3406.0261,258.71408,54.59,3,337,9.3459806,0
12.07765369,54.34932413,52428.367,40039.066,380.60001,164.89421,96.171074,11.196778,18.555927,10.903292,0,0,0,3539.3745,281.86621,119.68,3,1146,17.01849,0
12.07765369,54.44932413,59680.801,45923.488,7573.7334,164.89421,96.171074,8.4237919,16.191133,10.872465,0,0,0,3442.6128,291.42828,5.21,3,61,15.645081,0
12.07765369,54.24932413,229749.7,223648.84,180046.75,164.89421,96.171074,219.39044,12.694721,11.265349,0,0,0,4389.2866,294.29172,39.73,3,2498,15.498342,0
20.57765369,55.84932413,70014.336,66769.266,55842.934,168.21973,83.34935,53.256279,39.987076,7.173172,0,0,0,3553.5212,320.08093,214.47,3,86,7.3863306,0
20.57765369,56.34932413,233642.2,58136.945,9509.2139,168.37868,42.113098,13.382375,29.555782,8.0583448,0,0,1,2957.8101,328.12445,0,3,148,7.3152323,0
15.77765369,54.44932413,165428.27,55740.934,40589.168,168.50526,74.186188,38.969788,47.232155,8.1738176,0,0,0,3000.4661,258.1279,711.03003,3,57,10.13412,0
10.77765369,55.94932413,142277.5,104921.02,363.23999,168.57924,86.098907,8.8237572,14.795748,10.456253,0,0,0,2598.6433,269.95218,32.240002,3,0,26.709656,0
12.27765369,54.34932413,57388.191,46385.609,9501.4355,169.0881,105.72102,16.854481,11.127351,11.174639,0,0,0,4204.6641,301.46436,3.6700001,3,97,14.193834,0
12.87765369,54.64932413,40704.668,38267.199,651.20001,169.93108,147.71785,73.729004,14.68729,10.649643,0,0,0,4054.3667,308.61472,4.77,3,769,11.766428,0
16.47765369,54.64932413,136051.92,104448.62,94409.203,170.11497,117.72913,71.136932,24.572905,9.4744139,0,0,1,3992.5171,313.29834,0,3,45,8.0126419,0
16.47765369,54.54932413,132184.28,116279,106136,170.11497,117.72913,86.520187,12.377888,10.172693,0,0,0,6612.3804,322.89191,0,3,15,7.7591019,0
11.77765369,57.04932413,60328.668,7306.2334,41.866665,171.19783,48.271957,4.018208,54.237419,9.2412777,1,0,0,2124.3557,245.36487,1334.67,3,50,33.889374,0
10.57765369,57.04932413,21418.834,15712.3,0.89999998,171.22789,89.773224,5.7996645,8.5921926,10.622458,0,0,0,3256.6396,294.78012,0,3,17,26.524981,0
20.47765369,55.84932413,102048.3,87304.742,58082.465,171.76237,112.99199,52.046993,42.721252,6.8794513,0,0,0,3210.7939,313.28918,156.62,3,39,7.4899917,1
20.37765369,55.74932413,134082.27,107840.22,60321.992,171.76237,112.99199,58.979527,51.888599,6.3748994,0,0,0,2513.2583,268.8436,409.47,3,99,8.0977945,0
20.27765369,55.04932413,64480.184,26408.889,9922.4023,171.80251,40.137218,17.318815,33.921894,8.4326925,0,0,0,3756.0032,320.76657,220.21001,3,65,7.2912245,0
12.37765369,54.54932413,79290.523,71123.328,35872.957,172.48886,124.47779,24.068569,16.487495,10.884408,0,0,0,3887.9917,296.55197,7.3600001,3,1221,14.480953,0
11.57765369,57.04932413,59032.117,19762.283,448.93332,174.37773,54.345711,6.0571322,50.028057,9.9548674,0,0,0,2166.7512,259.32004,897.03998,3,148,33.506016,0
12.27765369,54.64932413,69820.734,56728.602,3263.3333,174.66206,125.89363,12.293257,17.981056,10.808501,0,0,0,3578.1077,287.14465,0,3,43,15.552975,0
12.37765369,54.44932413,38592.801,36742.035,1003.2,175.01918,119.22668,24.85568,14.706193,11.018296,0,0,0,4439.2319,301.56052,1.14,3,69,14.056388,0
15.97765369,54.54932413,164421.67,50126.266,40160,175.32036,82.158669,44.798,45.457512,7.9542699,0,0,0,2723.0874,268.2305,164.35001,3,102,9.8594675,0
10.37765369,55.84932413,94508.469,34579.461,605.72418,177.39931,72.963562,9.3630342,7.5822301,10.784854,0,0,0,3328.6746,286.65768,2.0799999,3,10,22.829075,0
18.17765369,55.04932413,162815.48,118914.78,106994.45,177.45973,104.04823,73.122841,55.578568,7.3031716,0,0,0,3477.354,273.62881,40.709999,3,268,8.8931408,0
10.97765369,55.24932413,101605.97,91762.055,89.537498,179.41862,111.25777,5.5394287,26.487659,9.9586678,0,0,0,2896.4304,259.01801,140.75,3,180,26.707146,0
14.17765369,54.74932413,152358.66,140092.12,117402.76,180.05122,143.7364,68.51329,22.067076,10.020024,0,0,1,3639.4338,317.06543,4.46,3,49,8.5811806,0
15.47765369,54.34932413,130587.52,51403.672,32197.754,180.1949,85.421623,39.197254,20.852716,9.0527382,0,0,0,4101.6484,310.22891,285.25,3,125,8.3566637,0
13.87765369,54.64932413,134987.23,129068.41,80729.125,180.85831,147.99181,70.836311,25.30105,10.587652,0.5,0,1,4137.9258,289.88293,126.19,3,2018,10.854662,0
15.57765369,54.44932413,149896.41,64799.723,54638.07,181.5211,93.494301,57.836056,50.012325,8.1913366,0,0,0,2915.5679,253.98187,1128.6801,3,276,10.385838,0
20.87765369,55.94932413,205841.92,64941.32,24615.676,182.5567,55.320652,30.033012,17.910448,9.6938629,0,0,0,4978.7842,325.76843,7.3400002,3,69,7.0340939,0
11.97765369,54.44932413,52428.367,40039.066,380.60001,183.21117,132.41373,6.0988111,18.316692,10.900452,0,0,0,3449.4861,285.9917,3.95,3,106,16.152105,0
12.47765369,54.44932413,92375.422,87140.414,60343.738,183.74411,135.20451,50.530209,8.7761688,11.050449,0,0,0,6931.4941,311.8172,0,3,32,12.26985,0
20.77765369,55.94932413,176034.67,66188.469,31701.049,183.90497,59.486614,34.104,26.518349,9.0768118,0,0,0,3897.636,323.05997,47.919998,3,43,7.153213,0
11.57765369,56.94932413,69026.352,19655.855,325.71173,183.94376,57.044765,4.018208,26.445301,10.794313,1,0,0,2114.9172,266.6749,108.28,3,32,31.963821,0
11.37765369,56.14932413,104005.87,61513.047,303.60324,184.0347,88.193825,5.4177332,19.633163,10.50347,0,0,0,2277.4106,259.37036,3,3,43,30.434511,0
20.17765369,55.14932413,63975.867,21875.092,8663.7852,184.89047,34.634995,14.062826,50.093338,6.7852254,0,0,0,2990.6865,300.73022,1228.3101,3,55,7.8067641,0
20.57765369,56.24932413,244186.34,64158.172,9598.0693,184.90514,42.222046,13.114367,32.659351,7.9020162,0,0,1,3072.9526,325.13861,0.80000001,3,110,7.2947555,0
15.67765369,54.44932413,170360.73,62368.828,46931.988,185.8689,88.046959,49.173969,50.026394,8.1624508,0,0,0,2913.4885,250.49001,1059.8,3,99,10.46407,0
20.97765369,56.14932413,266209.94,63193.707,11075.409,185.97412,48.693279,17.632198,7.5811353,10.260142,0,0,0,8616.0684,337.35074,5.77,3,0,6.3180943,0
20.87765369,56.24932413,270464.59,62706.363,10677.969,186.4608,48.959309,17.704342,11.066775,10.12766,0,0,1,6154.8384,336.22433,0,3,6,6.6911278,0
11.27765369,56.14932413,99889.234,57630.57,309.45401,186.58592,88.210861,7.1453762,20.2869,10.514818,0,0,0,2330.6497,263.72034,2.53,3,9479,29.7306,0
11.47765369,56.04932413,110438.86,60287.148,464.91141,187.07867,86.556396,5.6632748,18.581202,10.690547,0,0,0,2282.718,252.90173,13.48,3,24,30.194103,0
18.07765369,54.84932413,120841.87,56554.598,47930.023,187.08168,109.52492,76.237228,8.801033,9.5438442,0,0,0,4865.1157,330.14169,0,3,197,7.5138001,0
12.47765369,54.54932413,105208.29,102935.58,75058.852,187.35811,141.82274,74.164009,12.918441,10.924597,0,0,0,4066.5369,305.03299,4.4499998,3,1643,13.169157,0
10.97765369,55.34932413,96384.305,78712.273,368.01526,187.38155,104.64793,6.0166883,26.486864,9.7959795,0,0,0,2889.0601,252.7056,98.410004,3,52,27.587961,0
12.57765369,54.74932413,116784.72,112754.41,79027.648,188.40308,154.39375,78.835121,16.544533,10.644984,0,0,0,3665.4988,301.18585,44.23,3,78,12.934023,0
11.67765369,56.84932413,65839.609,18542.104,442.38763,188.45599,59.022022,4.018208,23.459671,10.718373,0,0,0,2037.04,261.79306,482.82001,3,8,32.303997,0
16.57765369,54.64932413,135778.53,114740.93,98283.336,188.88667,113.35429,70.653824,22.009991,9.7583752,0,0,1,4640.5708,316.67892,0,3,24,7.8929729,0
11.37765369,56.24932413,115677.09,70378.938,234.87064,188.97087,91.654961,2.0017209,20.876163,10.420814,0,0,0,2259.0747,263.45056,2.1199999,3,7186,30.003519,0
11.57765369,56.84932413,77526.328,25806.115,325.1991,189.08873,62.069668,5.5130949,16.335205,11.296163,0,0,0,2049.4463,274.27676,66.699997,3,8,29.747719,0
16.87765369,55.14932413,207663.56,38763.668,30025,189.24663,67.560898,75.600021,42.446762,7.9496536,0,0,0,2466.2988,277.67477,1.65,3,116,9.8668146,1
16.87765369,55.24932413,207663.56,38763.668,30025,189.24663,67.560898,35.671036,79.634544,8.0376692,0.5,0,1,2504.9155,200.44092,53.07,3,54,12.881963,0
16.87765369,55.04932413,207663.56,38763.668,30025,189.24663,67.560898,35.671036,26.060173,9.1683521,0,0,0,2677.5283,328.30649,1.55,3,57,7.7061515,0
11.27765369,56.74932413,157603.55,87886.031,137.83144,189.30125,99.405006,2.0102558,16.084454,10.933052,0,0,0,2075.6182,288.67343,22.82,3,5,25.915098,0
12.67765369,54.94932413,109364.52,103859.23,66726.336,189.46037,155.4015,64.791016,25.297041,10.865848,0.5,0,0,2828.3252,298.94318,85.610001,3,2185,12.403176,0
11.37765369,56.84932413,108406.08,57300.473,229.3681,190.29417,82.915939,4.5231295,12.685923,10.956647,0,0,0,2070.8765,301.2373,3.0699999,3,48,22.464249,0
10.27765369,54.54932413,129294.87,124458.41,1010.9832,190.72853,154.95963,5.2999196,14.706951,10.934076,0,0,1,2856.2556,257.7478,3.52,3,159,19.561323,0
11.47765369,56.24932413,126017.2,70927.57,403.41541,191.24609,89.824783,4.1103768,20.881767,10.482144,0,0,0,2231.1201,261.28491,85.57,3,48,30.179829,0
11.57765369,56.74932413,93713.242,37792.027,400.29776,191.64484,68.442017,5.706152,11.189375,11.21654,0,0,0,2124.2209,287.4118,134.77,3,3,25.359715,0
13.07765369,54.94932413,126009.3,116821.01,48038.062,192.22852,142.9846,46.398857,41.240555,10.402235,0,0,0,2897.0083,282.9433,61.09,3,63,12.476165,0
11.57765369,54.54932413,141647.83,136212.08,8154.27,192.7596,152.81763,10.861287,8.3123884,11.139885,0,0,0,3778.6101,302.93259,0,3,6,14.577498,0
11.17765369,55.14932413,96790.648,54835.453,541.35889,193.23135,97.116806,7.1959634,13.040203,10.804908,1,0,0,3132.9861,280.00327,0,3,362,21.113762,0
14.07765369,54.64932413,24278.268,23894,20790,193.50592,164.03349,121.04694,24.484749,9.875946,0,0,1,3955.7874,295.51385,25.23,3,1793,9.271451,0
11.47765369,56.74932413,122332.92,57430.391,246.49146,193.87654,78.48204,4.5435381,5.1832438,11.118107,0,0,0,2224.2102,303.57114,44.490002,3,1,20.429007,0
11.47765369,56.84932413,96023.25,40876.281,289.23544,194.49492,71.142998,5.3793082,12.955403,11.252921,0,0,0,2073.0334,290.11227,43.580002,3,13,24.849491,0
17.27765369,55.44932413,167613.27,57382.266,22533.334,195.17468,96.546692,61.303493,44.005505,7.4059854,0,0,0,2898.0994,292.95825,205.42999,3,68,7.8419065,0
17.27765369,55.64932413,167613.27,57382.266,22533.334,195.17468,96.546692,61.303493,19.923124,9.8191175,0,0,1,2838.1748,332.82001,4.9899998,3,19,7.5145006,0
10.17765369,55.74932413,106559.03,18001.617,1121.35,195.53909,65.611572,9.8496971,8.8384523,10.719634,0,0,0,3843.9302,278.04944,1.34,3,0,23.357025,0
10.37765369,55.74932413,92159.664,26079.416,483.75,195.53909,65.611572,7.684392,13.078672,10.567225,0,0,0,3233.3733,270.05185,5.8099999,3,1,24.2656,0
10.27765369,55.84932413,125953.9,28296.1,839.70001,195.53909,65.611572,9.3630342,5.9671597,11.02181,0,0,0,4212.0161,302.36884,6.73,3,2,20.732679,0
12.57765369,54.54932413,181297.64,179237.44,171405.33,196.08305,157.80057,86.83947,10.838275,10.930778,0,0,0,4230.9272,307.68176,2.1400001,3,29,12.464809,0
11.47765369,56.34932413,140914.62,77171.773,333.73898,196.45615,92.01487,3.9441803,20.094883,10.500859,0,0,0,2204.3245,260.82034,51.119999,3,3819,30.051573,0
13.07765369,55.04932413,125397.46,117175.82,46658.719,196.75,151.86841,53.333988,23.571934,10.552094,0.5,0,0,2860.4392,303.52005,11.99,3,59,10.634687,1
11.67765369,56.64932413,85362.828,35426.523,985.72992,196.7554,70.855515,8.225152,31.799664,10.48123,0,0,0,2060.7424,247.86456,1399.72,3,447,32.292233,0
17.47765369,55.44932413,340706.38,249132.78,223095.67,196.75818,83.158569,659.05847,50.239437,7.1206498,0,0,0,3027.7622,267.52307,210.78,3,60,8.3918476,0
17.57765369,55.54932413,218676.7,67053.664,55554.332,197.87788,73.691734,49.787567,43.165558,7.6956758,0,0,0,2941.5469,299.94818,208.92,3,370,7.7147579,1
11.87765369,56.94932413,53901.562,16777.379,372.02832,197.94823,59.157394,7.425827,16.606993,10.391918,1,0,0,2112.2173,261.63773,358.51999,3,22,32.282722,0
15.37765369,54.24932413,142497.97,71702.133,56677.953,198.76529,99.82196,25.178251,13.046645,9.9545927,0,0,0,7210.0254,320.31897,147.96001,3,66,8.0221739,0
11.07765369,56.74932413,85179.797,72491.602,23.333334,199.25275,107.38471,3.0543525,13.052298,11.008439,0,0,0,2283.3142,276.96036,0,3,40,28.069553,0
11.57765369,56.04932413,125302.39,61990.625,630.15723,200.18929,87.483719,5.8331504,17.550957,10.801852,0,0,0,2256.6006,255.2252,9,3,52,29.403685,0
11.27765369,56.94932413,106930.64,60674,216.99054,200.83293,88.812256,2.0102558,12.346144,10.957687,0,0,0,2242.658,295.61258,0,3,24,24.540371,1
10.87765369,56.04932413,103432.51,74425.641,518.3222,201.28427,111.25527,9.5129986,19.818521,10.373933,0,0,0,2564.7192,264.43512,1.77,3,80,28.434931,0
12.47765369,54.64932413,138162.14,133674.19,99196.266,201.70964,165.45282,60.493961,17.616251,10.833849,0,0,0,3760.6245,291.73257,6.1199999,3,6554,14.288773,0
10.87765369,54.54932413,129827.83,114097.1,2216.252,201.95955,116.58351,8.5456066,16.510601,10.77894,0,0,1,2828.4084,284.59265,134.53999,3,7838,19.965578,0
11.57765369,56.34932413,142086.44,67555.484,853.98621,202.0128,85.789764,5.5865264,23.153431,10.506448,0,0,0,2176.6799,248.95033,433.42001,3,500,31.254725,1
20.67765369,56.14932413,246561.3,64060.996,13313.371,202.28215,45.893066,17.160414,33.915009,8.3104916,0,0,0,3401.4529,322.09879,0,3,151,7.2269316,1
11.67765369,56.44932413,125661.42,51988.688,1486.3015,202.83617,77.379227,8.0281773,27.786488,10.346108,0,0,0,2086.8337,232.16829,562.98999,3,206,32.616699,1
17.97765369,54.84932413,264086.59,192788.34,169913.97,202.86893,118.51081,75.522667,10.117562,9.4750986,0,0,0,4773.8267,328.85599,0,3,311,7.5257797,0
11.47765369,56.94932413,89233.055,31927.809,370.49426,202.90315,66.800125,6.5154781,12.30142,11.24033,0,0,0,2155.4692,284.2511,94.57,3,31,27.803726,1
10.67765369,55.74932413,90529.43,55764.332,1558.3334,203.15741,89.857254,17.687193,19.811241,10.341124,0,0,0,2735.5701,269.85352,11.39,3,263,25.976358,0
10.57765369,54.74932413,113114.38,94950.117,9256.6562,203.35933,157.505,8.8551378,16.526659,10.714677,0,0,0,2754.5593,279.83609,236.38,3,8,19.769331,0
10.87765369,56.54932413,84540.602,76226.336,2.5333333,203.63495,117.84454,3.2814584,7.4400868,10.971301,0,0,0,3848.2788,281.48035,68.080002,3,26,27.098972,0
11.47765369,57.04932413,84340.703,25206.93,459.1918,204.49873,61.382683,8.4761696,19.724243,10.68338,0,0,0,2263.1399,271.91028,65.860001,3,20,31.698055,0
11.47765369,56.44932413,161593.5,82751.633,299.88824,204.76274,93.601746,4.0612574,25.057072,10.585358,0,0,0,2133.8682,244.23021,20.459999,3,166,31.937622,0
20.07765369,55.24932413,66439.344,18557.361,7228.2783,205.25862,30.234968,10.512113,57.089764,6.5215206,0.5,0,0,2793.144,273.38541,755.27002,3,69,8.3027086,0
12.67765369,54.74932413,123930.88,119590.37,84195.062,205.69434,175.43336,102.38728,17.852568,10.621624,0,0,0,3593.7227,305.32217,5.4000001,3,5880,12.366409,0
11.37765369,56.44932413,170258.81,91489.359,165.82309,207.07822,99.484322,2.0017209,18.581947,10.693579,0,0,0,2170.3662,257.03482,9.7700005,3,211,30.859594,1
12.97765369,54.94932413,124986.48,112335.6,38577.109,207.12466,162.38306,50.358429,37.275993,10.491897,0.5,0,0,2872.2739,293.46722,227.87,3,64,11.800878,1
11.97765369,56.94932413,51178.324,24403.551,598.08954,207.26398,68.371971,8.5874605,29.965197,10.054051,0,0,0,2149.8389,258.86124,521.72998,3,69,32.971565,0
15.47765369,54.44932413,166205.97,57434.316,35750.305,207.28917,87.581902,57.587658,47.99789,8.18748,0,0,0,2991.4639,264.2197,951.78003,3,96,9.9677877,0
11.47765369,56.54932413,171640.56,82919.68,275.27548,207.8842,91.995728,4.3103576,25.829779,10.75561,0,0,0,2083.4292,248.81561,321.84,3,556,31.901537,0
13.17765369,55.24932413,108526.93,100921.34,51989.332,209.01518,143.38577,52.546082,37.685711,10.227643,0,0,0,2980.5039,278.14383,3.6900001,3,2332,10.771,0
13.07765369,55.24932413,108526.93,100921.34,51989.332,209.01518,143.38577,67.117348,35.328762,10.23712,0,0,0,2961.8625,286.94321,0.97000003,3,1705,10.147351,0
12.97765369,55.24932413,108526.93,100921.34,51989.332,209.01518,143.38577,33.703564,26.125517,10.467569,0,0,0,3022.6743,302.38809,0.36000001,3,201,9.4563751,0
12.57765369,56.64932413,159337.14,48270.832,1068.6666,209.16786,90.222061,8.5273228,20.861917,10.431167,0,0,1,2689.5525,249.80316,8.2700005,3,114,30.195383,0
11.87765369,56.54932413,90601.969,37568.102,2561,210.19179,76.161789,10.198092,29.945921,10.194643,0,0,0,2036.8237,243.36501,1171.13,3,119,32.576401,1
11.97765369,56.54932413,90601.969,37568.102,2561,210.19179,76.161789,14.135742,28.966825,10.331683,0,0,0,2036.0905,254.49651,354.89001,3,843,31.967464,0
16.77765369,54.74932413,156834.47,82502.938,63649.641,211.0143,122.57977,64.621017,32.562916,9.0797205,0,0,1,3424.8965,311.33679,72.110001,3,83,8.043519,0
11.37765369,56.94932413,105265.32,46361.422,321.88211,211.63722,78.226242,6.2858043,11.53079,11.001198,0,0,0,2192.6873,296.60757,0,3,10,24.379025,1
11.37765369,56.64932413,190046.69,93234.727,196.13565,212.67603,98.919067,4.1548824,12.616292,11.03037,0,0,0,2113.4326,290.88712,0.83999997,3,24,24.864367,0
20.67765369,56.04932413,207376.69,67532.805,24854.52,213.07275,53.271042,26.176622,32.421856,8.4816065,0,0,0,3422.843,323.84613,12.25,3,140,7.2149949,0
12.47765369,56.84932413,59560.035,43636.199,438.66666,213.34966,90.050262,10.192058,7.6103168,11.002568,0,0,0,3167.8176,290.61542,2.8800001,3,0,22.608776,0
16.77765369,55.04932413,178347.09,68252.031,45813.359,214.51373,97.4636,30.062849,26.449236,9.1962662,0,0,0,2648.9097,326.17624,3.21,3,58,7.8059483,0
10.97765369,56.64932413,84540.602,76226.336,2.5333333,216.66125,119.51707,3.286087,11.532079,10.954659,0,0,0,2643.0208,276.69244,10.21,3,520,27.937584,0
14.47765369,54.64932413,176789.2,165955.67,122693.34,216.66641,163.80014,96.963043,29.887068,8.9974384,0,0,0,3412.9397,299.79703,104.28,3,29,8.7621279,0
11.67765369,56.04932413,138343.45,60270.809,781.42053,216.87079,88.340805,6.8608413,16.498413,10.836472,0,0,0,2269.4934,260.79291,31.01,3,95,28.159901,0
11.87765369,56.34932413,163094.14,49404.598,2285.2783,217.41716,73.876266,8.1422071,29.916891,10.296184,0,0,0,2095.7815,240.98944,530.17999,3,192,32.14217,0
11.67765369,56.14932413,143861.61,60161.773,994.96674,217.45166,86.528664,7.0509138,22.935741,10.686976,0,0,0,2184.2212,263.48984,89.760002,3,5,30.785393,0
11.37765369,55.14932413,118355.28,16188.9,1268.45,217.90373,62.50375,11.088762,11.525683,11.194624,0,0,0,3844.3228,293.75479,0,3,0,17.497719,0
11.57765369,55.14932413,118355.28,16188.9,1268.45,217.90373,62.50375,11.088762,10.117303,11.555059,0,0,0,5405.1665,300.21957,0,3,252,15.090982,0
11.67765369,56.24932413,146872.31,58232.285,1248.8319,218.00711,84.017654,6.9595804,19.763805,10.751224,0,0,0,2166.1587,270.70743,6.9699998,3,2,29.034714,0
20.47765369,56.24932413,247843.84,71081.305,9569.0732,218.95819,42.150928,11.93446,29.175438,7.7475133,0,0,1,2937.7241,327.37064,0,3,91,7.3217411,0
10.97765369,56.34932413,135626.77,76108.695,551.24774,219.01982,102.65636,8.0928726,13.077988,10.786109,0,0,0,2583.0828,269.28989,307.16,3,333,28.130291,0
17.27765369,54.74932413,106600.7,67662.859,54214.48,219.1458,109.05959,54.215607,13.04612,10.018754,0,0,0,5374.4551,328.77316,0,3,28,7.5466838,0
11.07765369,56.44932413,135015.59,115106.53,29.6,220.86893,117.62263,3.0103514,17.936098,10.823986,0,0,0,2377.7695,259.043,16.1,3,943,30.134048,0
11.27765369,56.24932413,134728.02,73389.453,359.81418,221.35301,96.906738,6.2939339,18.588892,10.441051,0,0,0,2297.0767,268.4299,0,3,39,29.212147,0
12.07765369,56.34932413,123746.36,52019.695,2263.811,221.85709,82.54084,17.106215,31.932413,9.8578472,0,0,0,2124.6387,232.77751,1155.6801,3,860,33.021618,0
10.77765369,57.04932413,117576.51,70920.602,528.80133,222.23604,111.74537,9.193285,11.519664,10.743361,0,0,0,2717.73,289.26553,4.6999998,3,1486,27.193714,0
10.67765369,57.14932413,148447.27,86363.133,489,222.23604,111.74537,9.193285,14.6867,10.531551,0,0,0,3002.8689,282.26556,0,3,264,29.805397,0
10.67765369,57.04932413,148447.27,86363.133,489,222.23604,111.74537,6.6615324,10.117832,10.637444,0,0,0,2813.4451,289.29703,2.55,3,78,27.729029,0
10.57765369,57.14932413,148447.27,86363.133,489,222.23604,111.74537,9.193285,7.5438113,10.671474,0,0,0,4256.8721,294.25574,0.30000001,3,3,26.73938,0
10.57765369,57.24932413,148447.27,86363.133,489,222.23604,111.74537,11.545747,6.3801041,10.71625,0,0,0,4869.583,293.04526,0.69,3,6,27.175869,0
10.87765369,57.14932413,177816.94,91414.633,982.78101,222.23604,111.74537,12.733989,4.170826,10.872304,0,0,0,2920.8296,299.71359,0,3,0,24.290379,0
11.37765369,54.54932413,136563.25,135298.28,1450.9111,222.93312,176.35262,6.0551906,26.409843,10.586967,0,0,0,3394.6589,277.98291,202.38,3,65,19.476332,0
11.37765369,56.54932413,263450.84,121009.7,208,223.09059,103.24116,3.8178148,20.382998,10.93192,0,0,0,2108.5713,261.9169,10.88,3,37,30.682283,0
12.07765369,56.14932413,102561.22,38789.883,186.83333,224.39095,85.416672,20.969893,17.55794,10.592688,0,0,0,2363.3574,251.67607,12.89,3,1200,29.722149,0
16.97765369,55.14932413,256670.19,131887.64,122325.04,224.75755,128.67696,100.05746,47.149998,7.8568134,0,0,0,2484.8252,278.3606,4.4699998,3,91,9.7646904,1
10.97765369,55.84932413,122190.05,57795.656,257.77347,225.72702,98.575546,6.7242508,23.281097,10.24135,0,0,0,2512.7004,264.69818,2.51,3,165,27.504694,0
20.57765369,56.14932413,244138.69,68479.273,15059.371,226.00671,46.882988,18.17017,36.755318,7.870296,0,0,0,3132.8147,323.14319,3.26,3,99,7.2774634,0
10.97765369,57.04932413,123795.58,77717.047,415.94067,228.73447,103.64942,2.0102558,6.3891397,10.878697,0,0,0,2621.9546,299.41864,0,3,0,23.953814,0
20.17765369,55.04932413,74897.633,22236.455,8530.8818,229.19559,34.791145,13.945591,42.150284,7.9213514,0,0,0,3832.72,316.79132,345.79999,3,53,7.4290171,0
12.77765369,54.74932413,113740.33,109345.52,75169.758,229.20052,203.21756,79.017815,18.555248,10.61597,0,0,0,3520.1765,306.36194,46.720001,3,1556,12.161507,0
11.27765369,56.64932413,263450.84,121009.7,208,229.25862,109.76616,6.0845575,17.676842,11.007775,0,0,0,2102.5354,276.97015,11.31,3,114,28.430344,0
10.87765369,57.04932413,127546.55,77228.977,553.79828,230.14352,106.3065,9.193285,11.524683,10.839052,0,0,0,2654.5635,296.00793,0,3,1,25.209421,0
11.07765369,54.64932413,109638.68,106162.35,216.93333,230.20853,179.09387,7.0851359,23.442215,10.519258,0,0,0,3320.958,273.96222,107.37,3,69,20.801847,0
10.97765369,54.74932413,109638.68,106162.35,216.93333,230.20853,179.09387,10.698691,10.174891,10.961254,0,0,0,3518.1038,299.18195,10.89,3,0,16.576851,0
11.77765369,55.84932413,144534.38,57328.383,754.94696,234.13748,91.095459,7.9997001,8.7808523,11.188972,0,0,0,8127.373,309.31805,52.75,3,5,17.960598,0
10.97765369,56.44932413,122392.69,83390.625,29.6,234.96637,109.55979,6.0379987,14.696644,10.956449,0,0,0,2869.7375,263.51089,159.05,3,373,29.180105,0
14.77765369,54.04932413,92442,56549.641,43067.844,235.71156,81.972054,42.153679,10.117693,10.890407,0,0,0,17634.949,319.81516,0.43000001,3,11,7.678668,0
11.37765369,57.04932413,110081.27,20823.949,410.66666,237.02533,60.996563,10.655036,8.8136349,11.189918,0,0,0,2400.1169,288.9256,0.079999998,3,13,27.451176,1
10.97765369,56.54932413,149918.02,102286.2,66.200394,237.43311,121.47099,3.9881415,12.964909,10.930085,0,0,0,2809.9434,270.76532,142.53,3,384,28.6133,0
12.57765369,54.64932413,64217.199,61222,12860,237.7345,208.87721,109.13343,17.845362,10.769907,0,0,0,3896.7822,295.12842,18.799999,3,4327,13.60568,1
11.17765369,57.04932413,122129.78,66100.719,286.54016,239.03069,94.70797,2.0102558,7.4987569,11.020275,0,0,0,2602.5088,299.1355,0,3,0,23.525778,0
11.77765369,56.04932413,150198,57021.414,809.28589,239.06999,90.850418,8.2515564,14.706469,10.938569,0,0,0,2535.6089,266.26572,33.799999,3,16,26.591183,0
17.47765369,54.84932413,92463.93,72373.133,52500,239.93457,122.1465,92.077805,22.2521,9.2670288,0,0,0,3845.1738,322.73721,0.20999999,3,346,7.6361375,0
17.67765369,54.84932413,257570.28,130191.93,113400.45,239.93457,122.1465,92.077805,20.881456,9.5481558,0,0,0,4451.9028,327.08853,30.540001,3,487,7.541429,0
17.57765369,54.84932413,340123.47,159101.33,143850.67,239.93457,122.1465,68.677681,22.227797,9.4656219,0,0,0,4174.478,324.81802,0,3,511,7.5818658,0
10.77765369,57.14932413,156366.12,96114.438,1068.4847,243.09459,119.24091,11.693062,10.000742,10.639089,0,0,0,2780.708,289.11526,1.73,3,3,27.628382,0
11.77765369,56.14932413,155826.38,55131.508,1017.5944,243.2399,89.358253,10.164064,24.53989,10.576376,0,0,0,2188.355,255.8613,76.639999,3,3,31.533798,0
12.07765369,56.54932413,99553.789,57522.93,3312.8511,244.39421,93.10836,11.7181,19.704288,10.462477,0,0,0,2059.4932,266.35263,319.66,3,2,31.111952,0
16.77765369,54.64932413,173371.3,89861.57,78631.602,245.59143,133.44003,78.477821,20.709175,9.9194126,0,0,1,5069.144,319.95721,6.0599999,3,7,7.7654099,0
12.77765369,54.64932413,123703.6,121550.95,91058.289,246.42014,228.30203,129.5481,12.432915,10.690421,0,0,0,4095.7642,307.91962,17.219999,3,875,12.017184,0
11.97765369,56.14932413,163845.34,50941.289,1418.4889,247.45337,85.95694,7.4128933,19.910185,10.472063,0,0,0,2243.7627,247.49425,28.450001,3,161,30.662886,0
11.17765369,56.54932413,263450.84,121009.7,208,248.1539,117.37785,4.1747222,16.545015,10.901735,0,0,0,2184.0256,266.72568,5.5100002,3,109,29.645084,0
15.47765369,55.14932413,304790.06,287476.81,220864.67,250.36261,208.2921,100.47599,67.786194,9.0631285,0.5,1,1,2609.1895,193.74557,250.81,3,47,14.562271,0
14.27765369,55.24932413,427682.06,405642.66,289605.34,252.41855,202.94717,125.75789,42.584461,9.3474808,0.5,0,0,2783.0105,274.11108,77.080002,3,35,11.188964,0
12.67765369,56.64932413,159337.14,48270.832,1068.6666,255.33263,111.40527,8.1011982,13.075284,11.054333,0,1,1,3176.6189,271.87759,0,3,3,24.652988,0
11.87765369,56.04932413,155982.59,54064.18,1022.5157,257.72733,94.172691,10.164064,11.525409,11.059916,0,0,0,3126.5488,274.35321,13.11,3,18,24.64756,0
10.67765369,55.84932413,167302.25,135500.95,893.39929,258.2641,172.72978,10.030821,16.55443,10.583717,0,0,0,2703.9248,280.10086,18.950001,3,1,24.161045,0
16.37765369,54.84932413,424585.84,248894.97,218607.97,258.73169,199.80109,255.47278,23.552347,9.664937,0,0,0,2776.5071,322.1781,0,3,38,7.8660049,0
10.77765369,57.24932413,158006.19,98134,1188.5,258.892,124.91772,12.866405,11.518299,10.610673,0,0,0,2879.6772,287.18683,5.1700001,3,0,28.299788,0
14.77765369,54.14932413,100148.45,61225.555,46787.164,259.09818,85.504463,43.951729,14.589706,10.277717,0,0,0,8092.8105,320.77005,0.17,3,347,7.9917798,0
12.67765369,54.54932413,192122.7,189728.73,164818.55,259.49612,233.3434,169.80342,14.534533,10.989683,0,0,0,4468.3076,303.75717,4.6300001,3,888,12.524604,0
10.87765369,56.24932413,153237.06,115712.16,1148,260.19141,148.76312,14.481491,18.572739,10.554901,0,0,0,2493.2554,268.19058,732.46997,3,59,28.193384,0
20.07765369,55.14932413,80868.82,19505.066,7464.3862,263.88419,31.288073,11.376277,58.758137,6.5199366,0.5,0,0,2979.1248,269.58609,967.56,3,53,8.3309889,0
16.77765369,55.14932413,283707.06,50900.98,40254.004,264.13348,75.454735,41.345493,50.026237,7.917778,0,0,0,2457.6714,265.27914,11.71,3,452,10.379169,1
10.97765369,54.64932413,145974.48,134136.45,3724.3208,265.66635,195.29562,10.320297,23.437855,10.479565,0,0,0,3241.2668,273.56622,5.8499999,3,206,21.443874,0
14.77765369,54.24932413,109180.9,67573.047,51846.492,265.93719,90.079063,46.998325,16.530437,9.8471184,0,0,0,5340.7944,324.68842,27.32,3,88,8.0401287,0
12.37765369,56.44932413,112491.04,98232.758,3962.0073,269.53003,128.46695,22.293528,29.016825,9.7926254,1,0,0,2444.6711,238.97839,0.93000001,3,73,33.051506,0
11.07765369,55.74932413,150719.23,33459.566,36,269.57471,81.499359,4.0196142,14.417208,10.749935,0,0,0,2489.125,280.8703,0,3,1,22.855087,0
12.77765369,54.54932413,170769.8,168480.69,143154.95,270.3761,246.3045,137.09833,12.325784,10.938072,0,0,0,4829.3638,308.14929,0,3,370,11.831586,0
15.27765369,54.34932413,255757.53,128303.25,118164,271.1976,133.38293,97.251816,24.935841,8.8647861,0,1,0,3982.9485,315.01297,622.45001,3,254,8.2545252,0
15.17765369,54.34932413,255757.53,128303.25,118164,271.1976,133.38293,97.251816,22.562065,8.9992609,0,1,0,3980.3958,318.50452,851.28998,3,60,8.1674938,0
14.97765369,54.44932413,255757.53,128303.25,118164,271.1976,133.38293,191.94086,26.445213,9.0513077,0,0,0,3444.0293,308.59714,149.98,3,74,8.3190079,0
15.07765369,54.34932413,255757.53,128303.25,118164,271.1976,133.38293,97.251816,18.565136,9.1940384,0,1,0,4089.5991,320.96829,882.53003,3,106,8.0945187,0
15.17765369,54.24932413,255757.53,128303.25,118164,271.1976,133.38293,97.251816,14.427295,9.7573605,0,0,0,6237.7783,319.70721,55.389999,3,101,8.0648079,0
16.97765369,55.54932413,325976.03,263584.84,252857,274.9776,215.10812,191.1136,31.875782,8.3531284,0,0,0,2699.4636,320.80518,19.799999,3,80,7.5821605,0
14.77765369,54.34932413,114315.45,73883.875,55637.32,275.51724,96.579865,27.912292,11.547429,10.099321,0,0,0,4653.9771,328.58301,37.860001,3,272,7.9825749,0
12.17765369,56.54932413,110090.62,83952.289,3828.8284,275.92914,120.94572,14.171903,37.06012,9.8966436,1,0,0,2104.9026,250.4198,604.40997,3,639,32.697369,0
17.17765369,55.54932413,184491.91,91399.508,73771.68,278.72925,145.18945,333.00308,29.576939,9.0671062,0,0,0,2824.7612,329.86105,3.8399999,3,62,7.530519,1
16.77765369,55.24932413,299456.19,53414.699,42372.5,279.64307,77.0896,69.675171,74.815453,7.969738,0.5,0,1,2509.6199,204.38843,25.690001,3,70,12.717508,0
10.87765369,57.24932413,159646.23,100153.56,1308.5153,284.81165,134.23198,13.787182,3.0766759,10.849363,0,0,0,3108.5386,300.0976,0,3,0,24.6756,0
10.87765369,57.34932413,167565.09,109904.87,1888,284.81165,134.23198,13.709762,7.0145106,10.744107,0,0,0,2786.8967,291.26044,1.4,3,16,27.65645,0
16.87765369,54.64932413,204409.02,98084.172,88340.414,285.68774,147.64281,118.17747,20.034374,10.033941,0,0,0,5682.5659,321.64105,20.280001,3,30,7.6940241,0
16.87765369,54.74932413,230852.28,118562.7,108759.62,285.68774,147.64281,118.17747,28.993217,9.3243437,0,0,0,3726.8899,315.03378,41.529999,3,17,7.8834739,0
16.97765369,54.74932413,230852.28,118562.7,108759.62,285.68774,147.64281,118.17747,20.829866,9.6570101,0,0,0,4351.0015,321.89792,23.66,3,8,7.6965895,0
17.07765369,54.74932413,230852.28,118562.7,108759.62,285.68774,147.64281,118.17747,20.881079,9.8406725,0,0,0,4898.4717,324.177,0,3,3,7.6237841,0
11.97765369,56.24932413,164837.23,52970.301,274,287.11252,101.90798,10.164064,28.66674,10.18512,0,0,0,2155.481,239.18314,162.03,3,340,32.677895,0
11.87765369,56.14932413,164837.23,52970.301,274,287.11252,101.90798,7.7884011,22.478806,10.414742,0,0,0,2194.0942,247.11,77.080002,3,29,31.711658,0
11.97765369,56.04932413,164837.23,52970.301,274,287.11252,101.90798,10.164064,8.7798767,11.155086,0,0,0,3017.5486,285.05472,10.68,3,114,22.766027,0
16.87765369,55.44932413,319184,132636.3,121460.99,287.70001,129.10432,98.151733,43.997986,7.3845601,0,0,1,2660.0178,296.62595,123.74,3,168,7.9414062,1
16.27765369,54.64932413,283499.84,190591.86,178328.44,288.80136,189.76529,158.94116,37.09874,8.3693027,0,0,1,2801.522,298.27475,7.8899999,3,183,8.6653633,0
15.27765369,54.14932413,203293.67,102717.89,89829.148,290.91296,119.91456,78.308067,8.3851967,10.593293,0,0,0,11364.428,322.10831,0,3,8,7.7425323,0
12.17765369,56.44932413,112213.58,85743.32,4376.1289,292.76376,117.07443,15.930355,33.026279,9.7656479,1,0,0,2178.5288,244.26967,7.3499999,3,71,33.082073,0
17.17765369,54.74932413,167482.86,95317.219,82029.469,293.87778,137.41632,73.275887,16.538342,10.056825,0,0,0,5379.3398,327.24741,0,3,22,7.5662942,0
20.47765369,56.14932413,265482.19,73237.047,16033.862,296.61487,50.378235,20.131645,31.973457,7.9234123,0,0,0,2960.1746,326.22684,8.54,3,122,7.2849956,0
15.27765369,54.24932413,214131.27,106421.89,93950.039,298.18994,122.41378,97.251816,14.195954,9.8657131,0,0,0,6775.6265,319.9368,79.459999,3,49,8.0389853,0
20.67765369,56.44932413,376490.69,39346.5,7854,300.47607,50.79092,17.596006,23.182423,9.1222754,0,0,1,2861.5989,330.81161,4.9899998,3,849,7.23841,0
13.87765369,55.34932413,318694.19,215464.92,106551.7,310.96454,206.70302,91.898361,23.566164,9.7900352,0,0,0,3139.0105,311.91727,103.18,3,1637,8.8321095,0
13.77765369,55.34932413,470995.62,252557.45,116232.58,310.96454,206.70302,111.319,23.570263,9.8604259,0,0,0,3154.2476,306.00281,19.280001,3,1579,9.1093006,0
11.07765369,56.54932413,199233.22,118058.12,118.8,311.0061,131.63055,6.0845575,14.720737,10.94198,0,0,0,2340.2432,264.19659,28.1,3,509,29.502651,0
11.27765369,56.54932413,263450.84,121009.7,208,311.0061,131.63055,3.7891872,16.547802,10.939001,0,0,0,2137.6667,265.65417,10.84,3,78,30.055462,0
11.17765369,56.64932413,263450.84,121009.7,208,311.0061,131.63055,4.0884027,15.956316,11.056952,0,0,0,2141.3401,269.49799,0.88,3,70,29.324715,0
16.47765369,54.94932413,401661.25,239723.64,197438.03,312.42587,238.64963,217.66393,14.744325,10.164875,0,0,0,2981.1855,326.46906,1.84,3,34,7.7948503,0
19.97765369,55.24932413,92845.055,18866.885,6725.6938,316.9939,30.032711,9.6212664,63.923424,6.4864435,0.5,0,0,2789.0388,239.04628,468.78,3,83,8.9501152,0
15.87765369,54.44932413,189544.06,95801.438,82455.148,319.28818,205.59886,162.55554,42.772491,8.250247,0,0,0,3167.6719,276.34677,284.72,3,62,9.4568729,0
12.67765369,54.64932413,293390.62,291088,265682.66,322.90921,308.88623,252.76736,18.546852,10.730771,0.5,0,0,4077.6406,299.38278,4.0300002,3,45,13.060622,1
15.87765369,54.34932413,96251.234,29224.904,17692.379,327.38181,234.26733,161.83006,20.881226,9.3549128,0,0,0,5164.3584,311.74658,67.769997,3,12,8.2199574,0
20.37765369,56.24932413,292441.97,82143.211,10776.413,338.36624,49.006824,13.097697,32.409031,7.5708117,0,0,0,2845.6055,329.74203,0,3,58,7.3395939,0
11.27765369,57.14932413,178117.66,50629.855,662.0943,339.89545,92.660522,11.807128,8.8074465,11.135068,0,0,0,2575.1523,289.14594,0.97000003,3,0,27.57305,0
12.27765369,56.44932413,166656.33,152901.53,6555,346.76044,182.38963,18.15094,30.949865,9.6988602,1,0,0,2276.958,239.77974,6.8299999,3,1646,33.156517,0
20.37765369,56.04932413,247038.39,80423.773,33604.609,350.24023,72.834473,36.70203,32.01815,8.086009,0,0,0,2997.8604,328.14731,26.15,3,59,7.2733946,1
14.67765369,55.64932413,487457.62,259839.97,193423.67,358.39911,196.29732,122.60749,56.767616,8.9717226,0.5,0,1,2626.395,223.68944,577.96997,3,62,12.307395,0
15.17765369,54.14932413,225367.8,114333.59,101736.46,359.73865,128.24979,90.013847,11.525371,10.53316,0,0,0,11260.516,318.40271,1.51,3,12,7.8240852,0
11.37765369,57.34932413,192208.45,56802.859,714.16669,361.20053,99.218338,10.995242,58.954002,9.6261806,0,0,0,2260.1724,261.82242,2552.5701,3,148,33.828346,0
11.27765369,57.44932413,191588.98,76894.484,655.50592,362.18484,110.58189,10.108477,14.105008,10.466271,0,0,0,2350.4734,274.84158,966.23999,3,112,32.630272,0
10.77765369,55.74932413,310391.53,296189.28,244.93333,363.01874,239.42424,9.2871723,33.415646,10.140974,0,0,0,2677.9495,258.19281,17.99,3,808,28.672468,0
13.47765369,55.24932413,282169.94,221003.44,77109,367.72357,276.83456,97.736237,38.566608,10.024585,0,0,0,3059.2563,277.77118,21.959999,3,56,11.096549,0
16.27765369,54.44932413,606678.5,582187.38,559263.44,369.80942,303.39417,102.38655,20.763697,9.7016497,0,0,0,6609.8994,318.91956,1.89,3,64,7.9443407,0
16.77765369,55.34932413,391248.81,68065.734,54720,370.03949,86.618301,49.370388,63.914761,7.2515593,0.5,0,1,2535.5188,229.2412,46.099998,3,31,10.474154,0
16.67765369,55.34932413,391248.81,68065.734,54720,370.03949,86.618301,45.137054,63.90538,7.2961717,0.5,0,1,2514.5911,234.66844,31.34,3,33,10.414165,0
16.57765369,55.34932413,391248.81,68065.734,54720,370.03949,86.618301,49.370388,59.271549,7.3168349,0.5,0,1,2512.4211,241.54749,9.4899998,3,23,10.266359,0
16.77765369,55.44932413,391248.81,68065.734,54720,370.03949,86.618301,72.575035,43.972343,7.3636103,0,0,1,2591.9395,298.29562,98.120003,3,168,7.945363,1
14.87765369,54.14932413,145722.78,82084.938,66530.086,371.30933,104.43759,62.115978,16.538689,10.240051,0,0,0,8488.7324,319.06738,19.77,3,31,7.9988637,0
12.67765369,55.94932413,445312.44,304842.62,154935.5,374.88925,244.70895,110.51912,22.794647,10.774212,1,0,0,3439.8254,242.64531,107.07,3,5732,29.471712,0
17.17765369,54.84932413,179103.64,112179.54,93651.078,375.89264,179.60513,16.353411,20.251316,9.3819733,0,0,0,3749.2085,324.69156,46.889999,3,192,7.6464677,0
15.97765369,54.64932413,290430.34,137675.08,121640.77,376.63629,228.94406,656.41284,51.10931,7.9087501,0,0,0,2612.5044,248.3658,206.17,3,50,10.709103,0
11.17765369,57.14932413,174152,64850.32,549.65393,382.31265,99.051613,12.045733,4.0044918,10.998354,0,0,0,2816.6904,299.83533,0,3,0,23.754648,0
13.87765369,55.24932413,732165.56,228169.2,115416,392.71829,210.31793,102.6927,40.264484,9.8214931,0.5,0,0,2874.0559,257.4924,69.860001,3,66,11.933351,0
13.67765369,55.24932413,425212.44,329402.47,130740,395.6636,295.84579,95.663063,40.316418,9.9627857,1,0,0,2953.4358,264.04486,49.450001,3,50,11.80066,0
17.47765369,56.04932413,354256.47,101911.67,96825.336,398.21277,124.24383,80.991608,42.336758,6.7783713,0,0,0,2499.8804,278.12766,0,3,16,7.8034148,0
17.47765369,55.94932413,354256.47,101911.67,96825.336,398.21277,124.24383,110.15589,37.304817,6.8508191,0,0,0,2541.0586,276.42871,0,3,51,7.8648567,0
17.37765369,55.94932413,354256.47,101911.67,96825.336,398.21277,124.24383,110.15589,38.106987,7.2483482,0,0,0,2542.4604,294.86517,0,3,52,7.8004937,0
17.27765369,55.94932413,354256.47,101911.67,96825.336,398.21277,124.24383,110.15589,43.85273,7.2708073,0,1,0,2520.0923,281.66843,0,3,18,7.9476094,0
17.37765369,56.04932413,354256.47,101911.67,96825.336,398.21277,124.24383,110.15589,36.839424,7.3323832,0,0,0,2521.731,302.10165,0,3,7,7.6557555,0
17.27765369,56.04932413,354256.47,101911.67,96825.336,398.21277,124.24383,110.15589,36.982048,7.5488949,0,0,0,2530.9536,301.50089,0,3,6,7.6837025,0
17.17765369,56.04932413,354256.47,101911.67,96825.336,398.21277,124.24383,110.15589,33.436134,7.6094193,0,0,0,2531.4119,313.47324,0,3,5,7.6241255,0
17.37765369,55.84932413,354256.47,101911.67,96825.336,398.21277,124.24383,110.15589,33.891151,7.8267336,0,1,0,2598.8052,310.04233,0,3,1585,7.6917992,0
17.37765369,56.24932413,354256.47,101911.67,96825.336,398.21277,124.24383,110.15589,26.429485,8.4267178,0,0,0,2433.269,323.5228,0,3,110,7.4339294,0
17.37765369,56.14932413,354256.47,101911.67,96825.336,398.21277,124.24383,110.15589,25.946486,8.6533976,0,0,0,2447.0999,328.14972,0,3,2,7.355854,0
17.27765369,56.14932413,354256.47,101911.67,96825.336,398.21277,124.24383,110.15589,18.660568,8.9900284,0,0,0,2484.916,332.88788,0,3,6,7.3483057,0
14.27765369,55.34932413,311462.84,294243.09,203914.33,398.66922,345.45682,252.22765,31.040684,9.19767,0,0,0,2967.3938,315.58786,8.5500002,3,44,8.6674318,0
10.97765369,57.14932413,186417.42,89082.938,856.5871,406.07755,114.58786,8.0686407,3.0862284,10.936112,0,0,0,2985.2556,300.10886,0,3,0,23.865192,0
11.07765369,57.14932413,178176.17,80442.086,607.5307,408.16922,108.76038,7.3025827,3.0863194,10.953823,0,0,0,2958.7749,300.17459,0,3,0,23.591574,0
16.57765369,55.24932413,366560.09,131346.69,97851.258,410.20047,184.36092,49.370388,62.169868,7.8988647,0.5,0,1,2546.532,215.04781,1.0599999,3,41,12.320455,0
18.47765369,54.84932413,684902,386917.19,268062.09,413.39694,83.091934,31.26503,16.482227,9.0624466,0,0,0,5012.8408,328.3721,222.62,3,671,7.5121417,0
14.17765369,55.24932413,346143.94,276051.34,182586.08,417.12775,248.6087,119.78595,33.916351,9.2910719,0,0,0,2883.6233,301.66052,93,3,112,9.5473118,0
13.77765369,55.24932413,450310.22,241866.52,113281.28,418.1066,246.39003,95.917992,41.100548,9.9897528,1,0,0,2912.0815,247.45732,43.299999,3,157,12.675251,0
10.87765369,55.54932413,220436.67,212158.48,594.76666,418.96234,336.58871,7.2479644,29.94656,9.8579493,0,0,0,2800.3064,252.72932,87.169998,3,329,28.065353,0
16.17765369,54.64932413,438409.66,263366.66,242668.22,426.2594,257.42661,1334.1323,40.850468,8.0374832,0,0,0,2626.5256,286.95255,23.059999,3,116,9.1576214,0
20.37765369,56.14932413,312664.75,76597.047,18205.312,428.06238,55.887917,23.441412,29.376684,7.8989096,0,0,0,2846.3342,330.82718,0,3,59,7.289959,1
20.27765369,56.04932413,282561.75,75923.742,34637.977,428.41217,72.325256,39.225773,33.194862,7.6997633,0,0,0,2844.5046,329.31235,3.6800001,3,27,7.3073626,1
14.97765369,54.14932413,188605.44,100315.34,85160,438.33481,120.18517,78.657074,16.53866,10.294032,0,0,0,9301.8438,317.34482,40.330002,3,29,7.9793291,0
17.07765369,54.84932413,243432.03,133544,117651.78,444.87781,181.61066,118.17747,26.276705,9.1649494,0,0,0,3464.8848,321.75412,25.98,3,2512,7.7054558,0
14.87765369,54.24932413,163315.17,91184.688,74112.977,453.67621,114.41325,73.713905,16.538666,9.7246761,0,0,0,5430.2031,323.77817,7.6799998,3,112,8.0439844,0
13.57765369,55.24932413,314050.78,247956.98,95485.336,456.74554,343.83524,126.62583,35.926128,9.9407473,0,0,0,3002.7451,279.88281,23.65,3,36,10.923862,0
16.07765369,54.54932413,355189.41,235412.88,219493.36,459.4664,304.82327,232.037,38.500515,8.1540632,0,0,0,2858.074,293.60928,92.400002,3,21,8.9430475,0
19.57765369,54.44932413,676333.31,224042.69,61877.055,460.7504,241.67737,64.998642,26.385006,9.1384659,0,0,0,11988.709,314.70859,0,3,0,6.6689944,0
14.37765369,55.44932413,556345.94,355007.69,141031.84,461.69943,330.7142,135.24324,36.598583,8.911252,0,0,0,2894.563,306.22836,217.06,3,20,8.8921299,0
17.27765369,55.54932413,179548.27,81436.094,58764.316,466.62201,390.99277,312.16464,24.769728,9.4104815,0,0,0,2951.0679,331.11713,14.95,3,192,7.5052023,1
16.47765369,55.24932413,396667.81,226137.38,170769.58,467.77756,291.19931,317.51166,57.284096,8.0235624,0.5,0,1,2565.5913,214.37747,2.01,3,59,12.557169,0
17.67765369,55.64932413,335085.28,32054.961,27131.049,470.4202,47.542747,290.78165,49.303379,6.7618618,0,0,0,2808.521,256.78348,50.66,3,39,8.0071154,1
15.07765369,54.24932413,241055.86,122017.84,109211.52,477.86285,137.18773,97.251816,14.713324,9.7168407,0,1,0,5869.5693,320.44193,50.360001,3,293,8.0671902,0
13.97765369,55.34932413,452559.66,229785.48,124035.08,483.3454,232.91777,110.58003,18.434631,9.8374758,0,0,1,3179.1416,321.47046,52.389999,3,8,8.4660559,0
11.07765369,57.34932413,274335.62,92781.766,1017.6667,485.37573,137.44012,9.6988916,8.2010117,11.011177,0,0,0,2635.2957,290.01855,27.16,3,27,28.694826,0
15.97765369,54.34932413,206146.06,175868.08,162642.98,485.93674,431.02286,274.76163,18.016392,9.7252951,0,0,0,5934.5669,318.93448,33.189999,3,17,7.986855,0
18.27765369,54.94932413,205959.67,169133.67,152298,486.71277,262.19281,160.06682,26.423424,8.3683109,0,0,0,4242.3887,320.24338,118.68,3,743,7.6687355,0
17.47765369,55.74932413,321548.72,20904.254,17964.832,489.95996,40.73634,31.60743,29.921116,8.3491478,0,1,1,2715.8813,316.67572,0,3,73,7.6098232,0
19.67765369,55.94932413,187142.5,39502.301,12209.479,492.68738,44.116428,19.673761,55.638424,6.2459526,0,0,0,2307.6848,259.9137,0,3,106,8.3168449,0
17.57765369,55.74932413,344728.91,29155.574,24776.387,492.99835,45.376492,28.915865,43.845142,7.0887561,0,1,0,2705.4946,273.38571,0,3,69,7.8910084,0
19.87765369,54.94932413,140216.41,17303.949,6357.0688,503.16611,27.658453,10.393272,29.793417,8.6044312,0,0,0,5549.4194,323.75714,3.5,3,91,7.2463017,0
14.97765369,54.24932413,212245.81,110375.74,94687.055,543.52454,131.86711,93.272408,16.303808,9.7033243,0,0,0,5599.2397,321.80026,43.509998,3,115,8.0562792,0
19.67765369,55.84932413,183687.05,30868.252,11433.746,546.8335,40.751274,18.839575,69.279243,6.4335432,0,0,0,2370.094,195.89961,0,3,57,9.3360538,0
19.77765369,54.94932413,155102.19,16484.449,6217.0156,551.14783,26.414122,11.155303,43.8367,7.1179509,0.5,0,0,4248.9048,304.19208,77.419998,3,87,7.7996635,0
18.07765369,55.14932413,390023.81,340469.81,309444.81,558.97632,537.46588,69.010689,53.157337,6.8400569,0,0,0,2980.5127,256.42725,51.900002,3,140,9.4450998,0
16.07765369,54.44932413,606678.5,582187.38,559263.44,561.75244,458.36417,344.84058,27.656731,8.8692408,0,0,0,3913.2769,311.84473,65.720001,3,24,8.2477617,0
16.07765369,54.64932413,593319.44,336141.44,307008,563.71747,325.08789,272.05038,46.218246,7.8558578,0,0,0,2621.9331,269.57169,10.58,3,49,9.8656483,0
10.67765369,55.64932413,250540.67,220299.14,563.88123,574.41907,524.97784,9.5713444,26.118212,10.1963,0,0,0,3024.2107,265.21542,6.4499998,3,817,26.744276,0
17.37765369,55.74932413,282536,67549.578,58856.293,575.91437,91.422729,30.540764,26.451498,9.0888767,0,0,1,2710.7986,327.87939,0,3,88,7.5359292,0
16.97765369,54.94932413,283663.03,134471.81,121044.35,576.64026,166.25136,118.17747,19.701483,9.6139212,0,0,0,2985.8074,328.27206,26.23,3,13,7.6320391,0
16.77765369,55.54932413,518426.62,65638.391,46952.473,576.94214,83.257034,65.715378,35.723091,7.740346,0,0,0,2618.6995,312.1976,9.8299999,3,488,7.7748504,0
19.77765369,54.84932413,174474.7,20584.539,9685.5088,580.63696,30.876501,21.54558,33.894478,7.9709072,0,0,0,4731.438,319.42303,56.619999,3,125,7.4595056,0
16.17765369,54.34932413,606678.5,582187.38,559263.44,596.94049,531.94135,743.02332,13.881441,9.9058218,0,0,0,7669.6162,320.53372,0,3,8,7.8914332,0
16.37765369,55.24932413,421316.78,309922.62,217236.17,597.20996,456.92703,447.79471,57.311646,8.3183126,1,1,1,2613.9839,198.40901,8.0699997,3,64,13.592129,0
14.87765369,54.34932413,191218.39,103299.32,82839.977,616.04065,129.82536,88.858261,14.714797,9.7368746,0,0,0,4386.0522,326.89862,189.11,3,51,7.9880242,0
17.87765369,54.84932413,360460.44,262904.5,230874.48,624.98859,555.06927,324.8923,12.814105,9.3946877,0,0,0,4585.0771,327.55383,7.2199998,3,263,7.5363975,0
17.57765369,55.44932413,446336.16,347883.66,315250.16,629.81293,537.16663,499.09433,60.244648,6.7093182,0,0,0,2999.0405,227.14214,226.52,3,90,9.4690609,0
15.37765369,55.14932413,440915.88,399706.53,35950.332,631.68237,584.65869,62.584869,69.293282,9.1920156,0.5,1,1,2646.5486,200.69547,132.89999,3,26,13.945573,0
17.57765369,55.84932413,430935.19,18457.848,16198.969,643.59698,35.859024,22.523895,52.746494,6.1163363,0,0,0,2584.5981,219.54839,1.1900001,3,312,8.248807,0
11.97765369,54.24932413,442994.81,442272.34,388892,653.18835,637.84381,245.6114,16.538307,11.082541,0,0,0,3981.4834,279.04251,47.32,3,537,17.228233,0
11.37765369,54.04932413,198691.44,197856.3,36868,662.41431,628.34186,27.495935,7.5461931,11.577517,0,0,0,4418.353,278.95801,34.459999,3,28,15.132347,0
17.47765369,55.84932413,397685.69,57168.977,52704.137,698.44397,77.124268,52.517258,38.51199,7.1114864,0,1,0,2610.1951,282.58011,0,3,896,7.8517494,0
19.57765369,55.84932413,199309.77,24934.527,10629.329,701.62427,30.928362,15.924222,65.564445,6.3612823,0,0,0,2319.9954,216.01616,10.84,3,19,9.0949297,0
18.27765369,55.94932413,291463.53,49285.938,47798.379,713.78851,59.602249,4.0855417,77.694908,5.9268217,0,0,0,2277.7415,152.10956,4.8499999,3,171,9.9172506,0
16.67765369,55.64932413,608354.94,63922,41460,723.24445,80.880257,42.827648,55.950577,7.560091,0,0,0,2622.4155,237.23262,52.759998,3,71,10.317156,0
16.87765369,55.64932413,608354.94,63922,41460,723.24445,80.880257,79.347672,35.30685,8.0162954,0,0,0,2595.5159,315.38651,0,3,46,7.6869454,0
17.77765369,54.84932413,340123.47,159101.33,143850.67,725.93396,648.8172,351.17294,20.338942,9.5025444,0,0,0,4507.2266,327.34485,0,3,201,7.5332403,0
17.27765369,55.04932413,406360.19,399752.88,313727.75,727.44293,706.18085,1155.87,40.316296,7.9049649,0,0,0,2876.7607,311.8363,16.440001,3,25,8.0835676,1
19.77765369,55.94932413,273813.41,34343.965,14317.876,730.73236,45.950886,23.20252,55.562569,6.241879,0,0,0,2366.6079,250.33459,1.13,3,67,8.4172974,0
18.37765369,54.84932413,353209.94,145116.92,86557.18,733.36261,333.36569,352.23227,14.706961,9.3736362,0,0,0,5120.354,330.37955,71.669998,3,487,7.4992876,0
19.77765369,54.74932413,258635.05,35233.535,21861.318,750.45239,46.074318,41.966797,27.694838,8.8742552,0,0,0,5723.4312,325.56152,82.629997,3,138,7.2502656,0
18.27765369,55.74932413,271264.66,74771.531,72592.055,767.74109,88.387169,2.0863853,94.951721,6.2819619,0,0,0,2373.7151,125.24974,103.88,3,72,10.775364,0
17.07765369,54.94932413,329536.56,187034.78,164189.67,773.09583,253.22911,226.24425,19.6506,9.4087553,0,0,0,3038.1711,328.85693,31.74,3,25,7.613831,0
14.97765369,54.34932413,257285.98,125189.27,107895.08,783.32611,149.1273,97.251816,16.537882,9.426074,0,0,0,4209.186,323.8761,364.60001,3,69,8.0321074,0
16.97765369,55.04932413,340831.56,133964.84,127929.8,804.03857,152.07008,35.671036,31.317888,8.8900309,0,0,0,2698.9075,327.26785,6.9000001,3,37,7.705256,1
14.87765369,54.44932413,233130.31,119350.29,94185.844,804.38074,149.57465,90.090714,23.370195,9.4194288,0,0,0,3614.2849,313.39117,121.5,3,157,8.1918201,0
17.97765369,56.34932413,569466.25,10962.8,10149.333,807.80261,35.76339,25.492821,38.584541,6.0650353,0,1,0,2373.5786,255.83826,0,3,10,8.0029287,0
18.07765369,56.24932413,569466.25,10962.8,10149.333,807.80261,35.76339,25.492821,40.003536,6.2547574,0,1,0,2391.3076,295.40042,0,3,15,7.7032576,1
17.47765369,56.14932413,534879.19,61727.707,57654.883,808.80182,85.907799,71.063408,32.505417,7.566144,0,0,0,2432.7002,308.19009,0,3,2,7.5204945,0
14.77765369,55.94932413,633308.5,173087.53,124755.55,814.86523,119.78867,75.356155,20.946625,9.0334072,0,0,1,2918.7776,316.49487,23.030001,3,176,8.212759,0
10.57765369,57.64932413,332990.59,79723.625,4696.1367,816.73071,91.252296,12.148347,14.317731,10.553591,0,0,0,3425.7144,279.18341,153.67999,3,821,32.507412,0
13.97765369,55.24932413,560831.75,306227.34,180755.59,818.50159,311.77121,171.79536,38.090591,9.5575285,0,0,0,2844.7827,280.69321,321.10999,3,92,10.590029,0
16.37765369,54.94932413,797104.25,459057.03,383448.25,822.15497,508.96091,335.0545,23.494179,9.2294493,0,0,0,2858.1902,309.71515,0,3,64,8.4545813,0
15.97765369,54.44932413,30051.533,27461.467,21824,834.01874,791.01971,743.02332,36.268482,8.5658445,0,0,0,3452.2468,301.56638,200.53999,3,31,8.6182461,0
16.07765369,54.34932413,367831.78,352412.41,336648.72,834.01874,791.01971,472.51276,16.538425,9.7776814,0,0,0,6675.2583,319.75406,0.79000002,3,13,7.9540877,0
16.17765369,54.44932413,414469.5,397278.75,380116.97,834.01874,791.01971,368.04401,25.178892,9.2369137,0,0,0,4801.876,315.90213,35.169998,3,18,8.097559,0
15.27765369,54.94932413,422662.22,104817.23,70795.953,838.41718,91.991478,55.635349,53.858009,9.0970306,0.5,1,0,2621.9155,231.80052,290.10001,3,433,12.278623,0
17.67765369,54.94932413,210095.7,103134,90671.336,906.24396,831.41742,92.077805,22.275877,8.8129988,0,0,0,3582.4436,320.98407,17.719999,3,292,7.6615591,0
15.17765369,54.94932413,372549.72,112992.9,85492.18,927.45209,117.28853,64.224998,43.998802,8.973608,0.5,1,0,2713.0498,275.85056,414.17999,3,107,10.044223,0
19.77765369,54.64932413,359977.31,57555.5,34951.164,936.21039,68.81517,54.973209,20.01659,9.9673281,0,0,0,9001.1504,325.49496,11.92,3,2300,7.0133352,0
17.27765369,55.84932413,373737.06,87192.953,80070.156,970.88843,107.45226,110.15589,29.925856,7.9547362,0,1,0,2549.9502,315.2951,0,3,84,7.6784663,0
17.17765369,56.14932413,398372.56,63772.75,57458.438,973.72913,83.097519,110.15589,23.536873,8.4610195,0,0,0,2519.3479,329.9903,0,3,69,7.4310055,0
17.27765369,56.24932413,421052.75,58428.898,52383.793,974.80701,77.774712,110.15589,29.88559,8.076087,0,0,0,2454.4783,308.56067,0,3,3841,7.599998,0
18.27765369,55.84932413,360965.56,88144.672,85548.445,979.64001,103.70916,98.951019,84.403206,6.0760674,0,0,0,2336.4124,132.99361,18.120001,3,57,10.378165,0
17.17765369,56.24932413,410424.25,39933.59,33014.395,984.79211,57.485535,64.645317,31.022404,7.6944847,0,0,0,2465.8611,296.09402,0,3,38,7.7328691,0
17.67765369,55.74932413,695017.5,12551.7,11935.8,1014.5096,24.084145,16.855114,54.683296,6.0284586,0,0,0,2695.5295,206.9603,3.95,3,58,8.347847,0
18.17765369,56.04932413,393167.88,38326.199,37017.949,1019.1824,47.067734,4.0855417,46.578678,5.8028831,0,0,0,2327.7197,244.08185,0,3,1623,8.2907696,0
17.27765369,55.74932413,324340.06,82716.227,71989.508,1059.4777,107.05218,94.946175,27.793365,9.0587444,0,0,1,2656.5735,326.42166,3.24,3,107,7.5562887,0
14.87765369,55.94932413,390619.44,168171,146944.8,1098.2726,113.99998,60.091797,23.575533,8.7375002,0,0,1,2725.449,310.03592,0,3,129,8.3017416,0
14.37765369,55.74932413,733739.31,286431.91,179296.55,1130.1749,297.35812,185.89319,27.819002,9.0453796,0,0,1,2858.8044,316.16269,241.61,3,1,8.4180098,0
14.27765369,55.74932413,733739.31,286431.91,179296.55,1130.1749,297.35812,158.56721,23.194273,9.2190485,0,1,1,3164.5562,313.14172,8.3199997,3,2,8.4910297,0
14.37765369,55.84932413,733739.31,286431.91,179296.55,1130.1749,297.35812,158.56721,11.595574,9.7736053,0,0,1,3337.4451,327.82809,6.9499998,3,3,8.1280832,0
17.17765369,55.14932413,959060.06,943563.25,746350,1144.8247,1049.996,1286.717,55.850605,7.6356983,0,0,0,2554.3767,248.75142,52.349998,3,61,10.690003,0
17.37765369,55.04932413,358775.03,346063.16,241891.17,1169.3093,1143.1136,844.76892,36.25547,7.8458428,0,0,0,3027.4265,317.78473,5.8899999,3,24,7.89083,1
17.37765369,55.44932413,536246.06,471175.66,375039.22,1180.111,1114.147,785.36798,44.016491,7.4402485,0,0,0,2970.3232,289.75446,243.95,3,83,7.8968368,0
18.17765369,55.74932413,376215.66,140267.59,136222.53,1194.1764,164.51755,157.99051,71.357384,5.7659597,0,0,0,2524.6313,153.41856,130.46001,3,67,9.6505413,0
16.87765369,55.54932413,539206.38,125295.3,119076.93,1195.3102,116.94547,94.43721,32.442051,8.1431465,0,0,0,2655.3296,319.24191,11.05,3,443,7.6181331,0
17.67765369,56.24932413,1005187.9,5355.7363,3847.115,1195.5759,33.049435,17.526663,42.771996,6.5609832,0,0,0,2395.8315,264.63239,0,3,18,7.8820534,0
17.07765369,56.24932413,417228.28,22556.953,14781.796,1244.1628,38.550114,37.658405,38.488678,7.1210237,0,0,0,2434.353,263.97791,0.51999998,3,2869,8.043725,0
17.17765369,55.04932413,537859.94,410008.66,335519.88,1251.7361,640.26544,722.58685,45.376671,7.9458141,0,0,0,2734.8899,307.29605,14.43,3,29,8.2007351,0
18.67765369,54.44932413,794160.88,409078.59,266236.38,1268.1411,402.19394,400.09235,12.639393,10.656734,0,0,0,11471.186,318.16003,0,3,311,7.1960101,0
16.67765369,55.54932413,670336.88,73868.25,56160.645,1270.6371,104.79158,52.967762,45.39959,7.4515314,0,0,0,2595.5286,275.7876,3.0699999,3,97,8.897191,0
17.57765369,55.04932413,156236.44,79951.57,68643.734,1278.8396,1217.394,54.215607,38.481441,7.539886,0,0,0,3277.04,312.79263,21.76,3,96,7.9159551,1
19.67765369,54.64932413,488025.53,83214.359,52587.613,1289.1802,95.743103,81.952003,29.923546,8.1173229,0,0,0,6010.1509,302.71326,1091.91,3,268,7.7791877,0
17.57765369,56.14932413,1065932.6,3944.9556,2051.6667,1389.4625,31.692459,37.290932,40.655151,6.6399536,0,0,0,2433.1118,278.11795,18.67,3,2,7.7885513,0
17.67765369,56.34932413,790318.25,4899,2259.5,1389.4625,31.692459,20.364868,43.236328,6.1912494,0,0,0,2349.1396,233.03778,0,3,29,8.1487436,0
17.67765369,56.14932413,790318.25,4899,2259.5,1389.4625,31.692459,15.778289,47.270069,6.2148337,0,0,0,2428.6604,249.29803,13.14,3,10,8.0324297,0
17.57765369,56.24932413,790318.25,4899,2259.5,1389.4625,31.692459,15.778289,28.857941,7.4505625,0,0,0,2422.8706,308.4325,0,3,24,7.5245428,0
20.07765369,56.14932413,599553.62,6769.6499,12094,1395.8811,16.363888,23.20252,54.106251,6.3815646,0,0,0,2426.6565,286.84976,16.190001,3,38,7.9191647,1
16.77765369,55.64932413,821426.38,101877.94,82978.523,1403.4569,110.59344,74.86734,43.374241,7.5248594,0,0,0,2606.9983,299.26508,0.99000001,3,48,8.083806,0
18.17765369,55.84932413,535633,149091.58,144730.27,1444.0686,172.73972,313.89465,67.118973,5.6755605,0,0,0,2444.813,180.13123,11.21,3,59,9.1886225,0
15.27765369,55.14932413,519349.47,98204.742,38735.449,1448.2999,116.57458,42.059212,65.572762,9.204999,1,1,1,2678.9661,215.10301,128.03,3,31,13.453667,0
17.17765369,55.44932413,196426.91,115453.34,110002.66,1455.3511,297.38269,451.86871,44.002979,7.4182229,0,0,0,2822.356,297.16522,201.56,3,347,7.8394589,0
10.57765369,57.34932413,389205.84,70208.734,779.80579,1458.1124,95.679649,11.855317,5.9682474,10.804211,0,0,0,4023.8152,285.03192,10.94,3,45,30.190405,0
17.07765369,55.04932413,508594.94,261174.64,242412.14,1461.2932,329.41663,388.61856,35.324356,8.4251051,0,0,0,2698.3264,321.97083,4.5,3,21,7.8280239,1
18.17765369,55.94932413,552976.25,105513.46,102337.63,1473.6781,121.87256,130.78348,53.045151,5.7554946,0,0,0,2393.3999,235.61186,4.7600002,3,95,8.4078865,0
17.77765369,55.04932413,687139.31,612397.56,526399.56,1488.5077,1439.4735,1043.6606,36.395241,7.857307,0,0,0,3568.3042,310.9458,64.010002,3,122,7.8603506,1
17.67765369,55.04932413,551381.75,480258.22,396426.06,1493.8129,1433.0875,960.41345,37.617252,7.6471128,0,0,0,3407.8604,310.5358,50.43,3,86,7.9061036,1
15.27765369,55.24932413,429383.72,145992.09,14105.524,1505.6492,237.71596,32.000557,58.436947,9.1889524,1,1,1,2609.3225,223.56882,42.119999,3,35,13.555495,0
16.97765369,55.24932413,463429.34,149636.97,177337.98,1524.5796,108.81963,114.87109,84.729652,8.0575352,0.5,0,1,2531.6997,202.04411,135.42999,3,57,12.928622,0
17.17765369,55.94932413,439677.56,82206.82,75869.461,1525.0938,101.8392,110.15589,43.670113,7.1956582,0,1,0,2475.5088,276.70068,0,3,21,8.0151787,0
18.07765369,56.14932413,566471.25,14979.615,13932.896,1529.8743,32.369534,25.492821,46.81358,5.9174862,0,0,0,2341.4575,269.53851,17.17,3,22,8.0136347,0
18.37765369,55.04932413,485346.69,217296.02,124985,1532.0438,796.1416,522.91895,71.13414,7.0638223,0,0,0,3331.0735,239.77188,183.02,3,148,10.003117,0
18.47765369,54.94932413,764733.69,265458.38,97672,1532.0438,796.1416,568.70935,35.132076,7.7247095,0,0,0,3995.6455,297.60025,271.60999,3,927,8.2615023,0
17.17765369,55.64932413,196426.91,115453.34,110002.66,1533.0088,142.26839,61.303493,26.261747,9.3581171,0,0,1,2705.4438,328.29694,0,3,15,7.5559392,1
17.47765369,56.24932413,623765.5,43666.328,39382.961,1553.0017,65.941467,62.967091,23.533913,8.225481,0,0,0,2425.1309,326.13443,0,3,25,7.3744016,0
18.67765369,54.84932413,266131.41,153331.41,130197.34,1621.4485,820.00641,636.76245,59.007656,7.2608747,1,0,1,4466.7104,244.30237,1750.24,3,660,9.7302303,0
17.57765369,55.94932413,640742.81,42145.41,39216.293,1640.533,60.519321,38.82975,58.376274,5.8149238,0,0,0,2507.8708,197.96846,10.79,3,218,8.3923397,0
18.67765369,54.54932413,1565015,818828.44,572798.5,1682.4197,649.18616,691.41327,29.862705,8.8286896,0,0,0,7909.02,302.88693,46.630001,3,10,7.6736665,0
16.77765369,55.74932413,909683.44,117599.8,100176.05,1685.2101,122.90105,88.138611,41.570961,7.3534799,0,0,0,2585.24,289.20166,2.46,3,379,8.1958218,0
18.87765369,54.44932413,488124.12,105494.98,14093.227,1766.4301,105.61899,12.375964,37.13179,8.6457462,0,0,0,12691.965,294.7543,11.27,3,494,7.8613195,0
17.07765369,56.14932413,442923.72,37518.02,30036.82,1820.4929,54.486656,59.997375,25.015949,8.0380478,0,0,0,2500.8203,322.10205,0,3,3501,7.5542545,0
17.17765369,55.74932413,421709.78,94358.344,85228.547,1927.0822,111.01321,106.49457,29.918501,8.6023197,0,0,1,2572.9478,320.03333,0,3,140,7.6270347,0
17.07765369,55.24932413,677249.5,303953.62,312456.97,1929.2242,344.03815,494.03839,85.075531,8.0748587,0.5,0,1,2542.5222,199.35854,277.54999,3,44,13.048219,0
17.07765369,55.44932413,477146.09,148362.98,180516.67,1974.0836,126.46246,301.53842,45.771999,7.3231854,0,0,1,2770.5232,295.11746,204.41,3,198,7.8830996,0
17.17765369,55.84932413,475160.09,82057.727,73736.039,2018.6353,98.888588,93.370316,41.35918,7.5275264,0,0,0,2478.3782,293.55203,0,3,160,7.9116645,0
15.07765369,54.44932413,255757.53,128303.25,118164,2020.6567,206.14366,164.10335,29.770332,8.7061253,0,0,0,3333.9082,308.78122,542.98999,3,64,8.3522749,1
16.97765369,55.64932413,605553.5,127373.42,121109.55,2028.7523,121.28351,123.61813,32.34404,8.227911,0,0,0,2582.7104,318.34814,0,3,42,7.6286616,0
17.17765369,55.24932413,936781.19,678082.88,559146.5,2080.3711,1080.5594,904.43799,87.481071,8.0887585,0.5,0,0,2510.9211,193.43076,288.25,3,59,13.18626,0
17.57765369,55.14932413,770959.25,724216.81,555583.56,2155.3655,2100.0022,2652.436,43.20528,7.2132912,0,0,0,3334.6304,291.76706,0,3,83,8.6890268,0
18.07765369,56.04932413,713153.5,69189.906,66843.336,2197.9568,76.917557,86.733307,49.153656,5.8316374,0,0,0,2395.6865,249.74503,0,3,53,8.1287851,0
18.57765369,54.64932413,1114194.4,560029.19,390037.12,2247.5046,912.38977,481.48499,13.024754,10.32474,0,0,0,11245.692,328.20364,228.58,3,3,7.2243481,0
14.57765369,55.84932413,1495555.2,249958.86,133272,2257.3955,207.82298,135.32173,24.719318,8.9020042,0,0,1,2810.3882,315.56464,1.13,3,53,8.3621082,0
17.07765369,55.64932413,475031.47,116890.83,114965.3,2260.2124,119.67049,137.66292,29.941029,8.6500082,0,0,0,2610.4771,321.457,0,3,36,7.5905466,1
10.57765369,57.44932413,786688.12,25984.934,287,2287.7612,68.419037,12.628787,4.7923775,10.756083,0,0,0,4019.4177,282.95325,125.92,3,3,31.111511,0
17.57765369,56.04932413,609695.56,45082.965,41429.949,2312.8496,55.568375,42.46936,48.700294,6.0446291,0,0,0,2462.8857,231.57898,10.74,3,90,8.155961,0
16.67765369,55.94932413,1122754.9,155555.73,141694.58,2365.4226,152.61423,71.669624,35.70158,7.0386415,0,0,0,2403.5979,268.93317,0,3,33,8.2443476,1
16.77765369,55.84932413,1122754.9,155555.73,141694.58,2365.4226,152.61423,90.210655,42.074867,7.1598058,0,0,0,2481.7192,274.88046,0,3,202,8.2208948,0
16.67765369,55.74932413,1122754.9,155555.73,141694.58,2365.4226,152.61423,120.1783,52.878792,7.293653,0,0,0,2604.5752,238.26353,111.45,3,1332,9.7661581,0
16.87765369,55.74932413,1122754.9,155555.73,141694.58,2365.4226,152.61423,83.658279,36.916965,7.5777383,0,0,0,2569.6501,302.46173,0,3,422,7.8888998,0
17.07765369,56.04932413,480359.84,53544.953,46229.883,2379.3354,71.124825,74.620766,32.153652,7.6297946,0,1,0,2475.5024,318.07999,0,3,100,7.6392813,0
18.67765369,54.64932413,1053074,597817.94,405285.41,2416.012,998.20844,634.09875,29.934481,9.2466202,0,0,0,8776.543,315.24692,315.82999,3,1,7.5099893,0
12.67765369,55.34932413,260425.45,249893.42,223375.95,2473.9963,2438.5955,23.971508,12.881395,11.161528,0,0,0,3184.0312,319.63525,0,3,3826,9.6977911,0
14.97765369,56.04932413,633126.88,151704.75,114700.18,2690.8945,107.55903,51.807114,36.823502,8.5638618,0,0,1,2726.0312,292.90741,76.190002,3,110,8.551239,0
13.27765369,55.24932413,833164.06,181111.42,81713.656,2724.7207,197.80441,77.030098,38.545841,10.200587,0,0,0,3053.9165,274.76834,23.389999,3,128,11.028773,0
16.17765369,54.74932413,769789.56,530707.38,481110.38,2736.0908,2460.9614,1802.5034,40.469849,8.0700607,0,0,0,2610.8474,287.94049,25.809999,3,302,9.1503372,0
17.07765369,55.74932413,595351.38,97751.758,88787.859,2783.7991,108.19382,106.02309,38.358017,7.836453,0,0,0,2526.2844,306.65192,0,3,140,7.777072,0
17.57765369,56.34932413,810977.12,15373.93,11687.532,2789.6873,37.653545,15.778289,33.901531,6.9516444,0,0,0,2403.4885,285.3205,0,3,998,7.7416945,0
13.07765369,55.14932413,835277.5,159955.03,73531.531,2804.7583,186.95308,60.303909,35.575974,10.506161,0.5,0,1,2868.946,281.60873,1.14,3,334,12.081738,0
18.07765369,56.34932413,655584.94,9535.8545,7004.1279,2855.7471,28.684158,25.492821,38.552647,6.4236941,0,0,0,2415.3267,285.87988,0,3,101,7.7572417,1
13.37765369,55.24932413,1136307.5,184407.59,82454.602,2877.3169,245.66336,81.967033,39.622482,10.145996,0,0,0,3081.5823,268.62692,18.33,3,332,11.401478,0
15.67765369,55.94932413,987358.19,36871.805,12000.554,2938.8486,59.439934,26.560343,31.206381,8.0732517,0,0,1,2466.3132,314.19189,13.01,3,18,8.0521822,0
15.67765369,55.84932413,925835.38,42999.414,10829.749,2976.5046,64.559761,21.036291,46.202316,7.4658008,0,0,0,2398.7744,286.02811,13.37,3,289,8.6645088,0
16.27765369,54.84932413,1006838.5,613336.88,547522.5,3034.3032,2619.7634,1736.5454,33.144676,8.6359224,0,0,0,2702.3108,307.41528,0,3,49,8.4932537,0
10.97765369,57.34932413,705972.75,89200.883,1149,3045.5225,114.6904,13.42767,7.3446188,10.916661,0,0,0,2760.0759,295.08841,0.75,3,7,27.188261,0
16.97765369,55.74932413,781932.44,107197.45,96161.734,3065.0249,109.28142,98.144386,39.782917,7.5964627,0,0,0,2544.3191,302.39279,0,3,153,7.8515468,0
17.07765369,55.94932413,588831.25,64050.086,55866.801,3268.5259,79.655876,84.027954,41.22245,7.2182989,0,1,0,2424.1899,278.73972,0,3,30,8.0134354,0
18.67765369,54.74932413,1565015,818828.44,572798.5,3289.2305,1278.7317,983.39484,29.329872,8.3517532,0.5,0,0,6051.3345,302.41541,340.04999,3,604,8.0866137,0
17.07765369,55.84932413,649043.75,78850.281,68761.68,3340.8718,91.246117,86.754189,46.504528,7.1324368,0,0,0,2479.5269,266.77347,0,3,476,8.1561279,0
17.67765369,56.04932413,1132807.9,3713.4656,2001.2378,3461.4077,26.175514,14.153998,62.11792,5.5527267,0,0,0,2457.6184,169.74667,14.52,3,27,8.6424885,0
18.17765369,56.34932413,635104.12,7935.186,4589.3706,3508.6436,21.375479,12.272452,29.955894,7.3425355,0,0,0,2413.6677,324.26334,0,3,11,7.3932571,0
16.97765369,56.14932413,528705.88,19876.691,11227.446,3529.0156,34.887943,31.998501,25.015057,7.8361936,0,0,0,2461.5417,317.01331,0,3,441,7.6587625,0
16.77765369,56.34932413,506273.91,10265.777,1217.4945,3567.3572,24.728529,5.9838181,60.272179,5.741312,0,0,0,2252.2329,174.49463,119.56,3,52,8.8513317,0
12.97765369,55.34932413,251499.48,211875.86,167106.88,3721.7896,3548.7517,52.546082,11.587574,10.791771,0,1,0,3338.625,314.87213,0,3,22,8.9126968,0
16.87765369,56.24932413,525599.44,10484.082,1439.297,3801.3574,24.963573,7.2622781,47.776253,6.4959249,0,0,0,2348.5659,228.83936,2.04,3,502,8.4145775,0
12.87765369,55.34932413,275590.75,258339.84,220971.55,3924.1628,3842.8611,28.225845,5.3142653,11.160864,0,0,0,3434.1489,322.66412,0,3,0,8.773037,0
18.27765369,56.34932413,671765.38,5278.1606,2292.9858,3975.6936,13.009006,4.0855417,29.258825,7.4742036,0,0,0,2382.0903,330.09991,3.5,3,7,7.3307304,0
14.47765369,55.84932413,966009.12,259189.23,141816.64,4033.3752,262.24042,149.26483,16.612988,9.4396887,0,0,1,3070.2642,325.96738,0,3,62,8.1659679,0
14.27765369,55.64932413,655808.25,264596.25,146821.98,4033.3752,262.24042,149.26483,24.64052,9.128541,0,0,0,3159.5144,303.56995,0,3,8,8.7395821,0
17.97765369,56.44932413,768264.31,9693.502,6893.4565,4143.3999,29.620974,25.492821,43.046673,5.9521866,0,0,0,2291.6377,229.10376,0,3,74,8.1976709,0
16.97765369,55.84932413,833067.19,86142.484,74455.172,4275.0762,94.539146,85.902481,45.173615,7.1402621,0,0,0,2514.3691,271.13165,0,3,1905,8.1562672,0
15.77765369,56.04932413,1451267.4,46718.668,19062.666,4397.293,65.030884,36.395721,5.3284559,9.6279459,0,0,1,3744.3389,329.57788,0,3,0,7.6938615,0
16.87765369,55.84932413,983176.44,102315.71,88893.336,4483.5933,107.6509,120.1783,42.50317,7.1753616,0,0,0,2518.3992,277.16437,0,3,526,8.1525593,0
14.37765369,55.64932413,639668.19,260073.95,140096.28,4634.6475,254.96732,132.07529,42.014088,8.7341452,0,0,0,2825.5491,295.46039,122.12,3,11,9.0365334,0
16.97765369,56.04932413,644038.06,35656.969,26595.432,4813.8994,49.816792,51.61063,38.276436,7.4360118,0,1,0,2438.011,303.38837,0,3,20,7.834681,1
18.07765369,56.44932413,763249.88,9906.2969,5808.7451,4987.0459,26.823124,18.050749,36.608047,6.5236559,0,0,0,2334.3647,277.07956,0,3,330,7.8129787,0
16.57765369,55.74932413,897552.69,74444.055,56129.723,5034.9751,83.544807,53.175911,57.319649,7.5630665,0,0,0,2617.4182,206.01007,45.639999,3,429,11.280795,1
17.07765369,55.54932413,537365.38,127811.62,179949.81,5180.2295,16.853659,146.46738,31.613916,8.6253052,0,0,0,2744.3196,324.58133,0,3,66,7.5540771,0
17.07765369,55.14932413,1019525.1,145288.86,278870,5180.2295,16.853659,460.64749,46.531986,7.7636313,0,0,0,2521.8655,269.08487,27.700001,3,90,10.076066,0
16.97765369,55.94932413,779756.56,60850.145,50690.062,5188.5659,72.294182,72.369324,41.221962,7.2076278,0,0,0,2418.9136,280.16077,0,3,44,8.0533075,0
18.37765369,56.34932413,940001.06,156.34166,133.09166,5345.2305,3.0534496,2.5460715,31.720104,6.9393005,0,0,0,2354.2373,316.03995,84.410004,3,4,7.5300813,0
18.17765369,56.44932413,764145.25,10128.2,4376.1655,5460.1309,23.097914,12.648705,22.235083,7.8706203,0,0,0,2372.7048,325.55807,0,3,10,7.3397312,0
18.27765369,56.44932413,844245.31,9601.585,3029.8059,5744.8228,18.262581,7.3280125,26.285866,8.335824,0,0,0,2378.0825,332.48798,0.090000004,3,3,7.2266665,0
12.67765369,55.44932413,673367.56,658219.56,618340.88,6028.2627,5989.1333,5552.8872,11.530748,11.241174,0,0,0,3337.9165,315.26193,0.079999998,3,10817,11.5559,0
18.37765369,56.44932413,1035589.2,7213.1235,1862.2465,6269.8027,12.503482,1.0066015,25.604517,8.1703491,0,0,0,2365.0076,335.58795,0.67000002,3,1,7.2225018,0
16.87765369,56.14932413,683122.69,18128.48,8427.0781,6325.9941,31.672163,19.016273,31.542879,7.5028977,0,1,0,2443.2063,300.3364,0,3,2358,7.8489752,0
16.87765369,55.94932413,969909.75,72692.188,61028.609,6758.3647,80.723579,75.210907,38.271587,7.2049675,0,0,0,2403.4868,279.00839,0,3,44,8.1028948,1
12.47765369,56.14932413,1339146.4,1337454.6,1291447.1,7024.9087,6991.1973,6917.4956,23.493999,10.462079,1,0,0,3478.6663,234.35669,29.82,3,1456,31.115793,0
18.57765369,56.44932413,1386986.2,119.45,96.199997,7278.0996,2.7875559,2.2801776,38.661087,6.8152494,0,0,0,2277.8672,285.28738,72.129997,3,5,8.0142479,0
16.67765369,55.84932413,1235153.5,97336.461,82993.594,7401.9712,104.13306,71.191811,43.951157,7.0267582,0,0,0,2501.625,259.41974,72.660004,3,200,8.5654697,0
16.77765369,56.24932413,687994.88,11215.993,1266.7107,7435.5796,25.119337,6.7779069,43.904858,6.1020732,0,0,0,2307.2058,208.69473,10.46,3,587,8.5855627,0
15.37765369,56.04932413,1853287.1,118228.13,73444.797,7454.937,111.37317,55.00832,33.531448,8.5395651,0,0,1,2848.1343,309.43039,321.14001,3,2,8.2044258,0
12.77765369,55.44932413,545042.81,535615.69,488689.56,7753.7656,7717.6343,6988.1055,5.8122716,11.302889,0,0,0,3484.6577,319.41275,0,3,5,10.471503,0
16.87765369,56.04932413,863369.88,38375.398,27851.82,7814.3511,49.90118,44.869083,40.844887,7.2447457,0,1,0,2429.6802,284.01108,0,3,1277,8.0396452,1
18.47765369,56.44932413,1456129.4,110.51105,83.27198,7849.9302,2.6560972,2.0616665,26.11706,7.7636123,0,0,0,2319.5811,335.89798,87.580002,3,2,7.2845483,0
15.97765369,55.94932413,1923002.8,37544.801,23453.227,8243.6748,60.543434,30.421036,40.453659,7.2963161,0,0,1,2441.9255,279.19818,26.49,3,78,8.5328074,0
16.77765369,55.94932413,1149770.5,85664.914,73048.305,8310.6768,91.639877,120.1783,33.957767,7.2394862,0,0,0,2388.1235,281.67627,0,3,44,8.102807,1
12.87765369,55.44932413,500828.06,493314.72,440621.34,9122.1895,9084.9521,6783.6343,4.1015749,11.337249,0,0,0,3739.7795,320.18332,0,3,33,10.27634,0
15.27765369,56.04932413,1846823.1,119530.7,68757.062,10124.658,118.1303,52.931557,33.091419,8.5394011,0,0,1,2813.6499,308.72739,165.78999,3,8,8.2338428,0
18.47765369,56.34932413,1789982.2,67.349998,20.85,10610.974,2.021358,2.3347418,52.341305,6.2128215,0,0,0,2294.7349,271.66873,23.59,3,24,8.1361074,0
16.57765369,55.84932413,1312028.9,76000.664,60589.984,10826.975,83.985214,48.722939,50.158112,6.8618703,0,0,0,2527.0181,228.46985,146.52,3,674,9.262537,0
16.77765369,56.14932413,936066.69,20421.164,9705.585,11066.281,33.127811,19.31596,41.888344,6.6156998,0,1,0,2419.4844,237.88982,0,3,2444,8.3771019,0
16.77765369,56.04932413,1130775.1,45808.039,34325.277,11660.894,55.953083,47.517708,38.527855,6.9245834,0,0,0,2415.8564,259.68085,0,3,5144,8.2469778,0
16.07765369,55.94932413,2283179.5,37780.598,19212.707,12818.678,50.936874,36.182114,41.851776,7.0434871,0,0,0,2367.9333,267.93613,71.5,3,101,8.6023436,0
16.07765369,56.04932413,2330704.2,48375.602,26742.834,12989.198,61.878922,24.846331,37.825642,7.5764275,0,0,1,2398.6003,293.28711,6.54,3,26,8.1300716,0
16.67765369,56.24932413,989824.44,12730.088,1376.2439,13784.352,25.764915,7.1369033,59.489258,6.2500801,0,0,0,2282.4761,229.53267,37.16,3,25,8.3755398,0
12.77765369,55.54932413,79553.797,75377.867,7488,13885.729,13850.136,18790.059,8.4806995,11.267741,0,1,1,3492.5044,314.33414,2.71,3,2,12.336132,1
12.87765369,55.64932413,79553.797,75377.867,7488,14874.189,14832.843,18790.059,11.408707,11.475329,0,0,0,3476.0933,286.23676,2.0899999,3,148,19.036404,1
16.67765369,56.04932413,1409835.2,49207.387,37227.371,15766.782,58.952106,39.387421,38.53508,6.6414046,0,0,0,2399.8645,243.41418,0.31,3,1,8.4154568,0
12.67765369,55.74932413,2900925.5,2891990.5,2800963.8,18920.967,18893.289,18790.059,11.514182,11.65659,0,0,0,4018.2322,275.9772,35.18,3,7338,22.12529,0
16.47765369,56.04932413,2086749.4,14312.376,7125.2139,24153.795,30.423517,17.43528,49.433762,6.3844762,0,0,0,2386.3313,237.20659,5.3000002,3,601,8.4598207,0
16.57765369,55.94932413,2086749.4,14312.376,7125.2139,24153.795,30.423517,56.187244,45.716591,6.5326529,0,0,0,2416.2783,227.73923,91.120003,3,4687,8.7301693,0
16.47765369,55.84932413,2086749.4,14312.376,7125.2139,24153.795,30.423517,17.43528,53.995621,6.8642912,0,0,0,2514.2366,205.64061,149.48,3,626,10.018036,0
16.57765369,56.14932413,1677368,22476.887,9154.126,25029.02,33.989281,17.758005,48.752697,6.4303322,0,0,0,2333.2756,240.10713,21.85,3,12,8.3126078,0
16.07765369,56.14932413,2366180,32806.008,12917.557,25038.539,46.138279,21.473951,23.557272,8.4752865,0,0,1,2689.6692,319.90958,0,3,365,7.8064604,0
16.27765369,56.04932413,2263002.5,30131.475,12505.154,27204.459,42.217522,22.780605,35.998192,7.2101841,0,0,1,2295.083,287.4483,22.74,3,18,7.9924579,0
16.37765369,56.04932413,2116677,25060.408,10585.697,27770.723,37.621651,17.43528,38.584293,7.1375132,0,0,0,2369.1714,286.03134,10.12,3,75,7.9480848,0
16.27765369,56.14932413,2404666.8,26504.941,7068.4033,36889.605,36.515602,16.436903,33.763432,7.7034855,0,0,1,2361.9866,304.38272,107.45,3,23,7.8320241,0
16.37765369,56.14932413,2277990.8,22492.594,5016.6128,37072.75,32.651833,15.130758,9.9139252,8.5831528,0,0,1,2499.7783,327.84729,25.18,3,0,7.5251269,0
16.17765369,56.24932413,2521039,24511.332,3436.9722,43756.258,32.972683,10.054605,20.389566,8.3544054,0,0,1,2599.2095,317.39346,0.67000002,3,323,7.7341886,0
16.37765369,56.24932413,2463153.2,21499.102,1248.3362,46607.297,29.14522,7.438118,4.1635199,8.9630337,0,0,0,2716.2832,333.10413,2.3,3,3,7.4697757,0
16.27765369,56.24932413,2532115.2,23234.797,2250.9363,46617.613,30.959124,8.1762857,26.516275,8.0569639,0,0,1,2462.2507,314.97311,25.32,3,24,7.7071657,0
16.27765369,56.34932413,2571486.8,21692.766,87.631859,51279.684,28.106482,3.0524557,18.613564,8.5506554,0,0,0,2939.8511,327.61273,20.65,3,1,7.549376,0
16.27765369,56.44932413,2571486.8,21692.766,87.631859,51279.684,28.106482,3.0524557,16.547415,9.1232433,0,0,0,3641.5247,332.39026,0,3,747,7.4421005,0
16.37765369,56.34932413,2571486.8,21692.766,87.631859,51279.684,28.106482,3.0524557,3.0766759,9.6223183,0,0,0,3222.2925,335.95016,0,3,0,7.377573,0
16.17765369,55.54932413,79.192307,77.807693,72.57692,5.0278459,4.02736,3.0255239,75.934975,8.5071535,1,1,0,2684.8787,154.60095,68.940002,4,101,15.533955,0
16.17765369,55.34932413,146.86667,297698.69,187286.11,10.050991,193.91518,111.39234,78.667549,8.4863987,1,1,1,2686.6165,156.9903,75.050003,4,59,15.798512,0
19.27765369,56.34932413,13195.866,222,10078.57,22.323545,6.0663753,14.879756,124.34885,7.2283239,0,0,1,2134.9568,97.978531,17.6,4,35,12.43387,0
18.27765369,55.64932413,47204.848,257.06668,257.06668,34.498112,2.0863853,2.0863853,92.385918,6.387105,0.5,0,0,2350.48,125.38574,1.38,4,42,10.950327,0
19.07765369,55.64932413,20434.949,19.35,19.35,35.27108,1.0055971,1.0055971,81.722,7.1265903,0,0,0,2455.4236,148.15157,34.740002,4,106,11.328286,0
18.97765369,55.64932413,20434.949,19.35,19.35,35.27108,1.0055971,2.6344929,85.528748,7.172852,0.5,0,0,2535.6226,156.77448,21.549999,4,115,11.48986,0
20.47765369,56.44932413,187325.42,53250.816,8150.2725,36.167023,17.990372,8.6001158,37.040146,7.0990233,0,0,1,2693.1636,322.42969,0,4,164,7.5302496,0
20.37765369,56.34932413,220846.38,79181.562,8704.7607,36.167023,17.990372,8.7362385,36.332241,7.2121468,0,0,0,2838.833,326.63101,0,4,126,7.4504838,0
18.57765369,55.24932413,14348.8,3992.8,3992.8,37.760372,8.3353109,8.3353109,78.090172,7.4135675,0,0,0,2830.9663,183.68411,149.35001,4,35,11.872203,0
14.77765369,55.64932413,20577.033,1002.8333,980,46.41909,13.33639,10.328794,59.181461,9.0897217,0.5,0,1,2605.866,206.83197,363.48001,4,58,13.305815,0
14.77765369,55.84932413,237342.86,98927.68,86484.203,46.41909,13.33639,65.537209,36.123676,8.4445219,0,0,1,2621.4956,296.71085,84.57,4,45,8.7876387,0
18.17765369,55.64932413,51829.801,257.06668,257.06668,46.971256,2.0863853,98.440437,81.785797,5.9635983,0,0,0,2520.2498,140.50578,2.1800001,4,40,10.095407,0
19.07765369,55.34932413,55077.734,6667.5332,326.39999,72.436211,20.366133,4.6249485,85.224831,7.08428,0,0,0,2866.1084,145.53535,307.01999,4,82,11.174753,0
19.07765369,55.24932413,81369.602,9427.4668,326.39999,72.436211,20.366133,2.1119549,81.02195,7.1076303,0.5,0,0,2947.824,143.36372,58.099998,4,167,11.167528,0
19.17765369,55.34932413,81369.602,9427.4668,326.39999,72.436211,20.366133,2.1119549,89.186996,7.1146779,0.5,0,0,2811.4768,133.61761,181.82001,4,59,11.287633,0
19.17765369,55.24932413,81369.602,9427.4668,326.39999,72.436211,20.366133,5.232935,85.132988,7.1442089,1,0,0,2846.2803,136.26317,242.17999,4,84,11.322902,0
15.27765369,54.84932413,38431.148,314.13333,294.13333,74.335365,9.1886044,7.1813054,68.543037,8.9357624,0.5,1,0,2599.8257,177.89494,1142.38,4,300,13.561616,0
18.27765369,56.14932413,90019.93,245.33333,245.33333,79.487534,4.0855417,4.0855417,70.464119,5.796926,0,1,0,2259.126,212.56656,12.52,4,1263,8.9206944,0
18.37765369,56.24932413,90019.93,245.33333,245.33333,79.487534,4.0855417,3.1340969,55.978954,5.8886561,0,0,0,2272.4082,240.38885,32.119999,4,38,8.5347109,0
16.17765369,55.44932413,152014.06,214007.92,142435.5,91.424911,122.00852,63.348793,77.502556,8.473032,0.5,1,1,2718.6628,157.17876,102.79,4,465,15.72778,0
20.57765369,55.24932413,71110.914,52096.539,15290.948,100.72558,64.538559,32.597694,20.695518,9.5815134,0,0,0,3313.3391,326.93195,0,4,15,7.1892219,0
18.27765369,55.34932413,72667,35711.727,29249.85,100.84832,55.806259,2.0863853,80.584076,7.4393101,0.5,0,0,2521.937,198.3553,13.8,4,376,11.925077,0
11.77765369,57.34932413,20676.434,13668.634,181.33333,113.336,49.609802,7.0211525,38.545483,9.5210619,0,0,0,2373.7053,262.62982,280.10001,4,40,33.556309,0
16.27765369,55.34932413,157950.06,465743.44,296186,116.26363,288.85907,70.845123,72.994186,8.5464458,1,1,1,2673.6819,169.53952,16.92,4,32,15.133966,0
14.97765369,54.84932413,222416.14,102096.36,67834.406,125.80514,86.107109,54.744663,52.321594,8.6797876,0.5,0,0,2700.1482,230.36938,493.69,4,172,11.269129,0
16.27765369,55.44932413,100736.13,24015.004,23953.088,125.97055,19.805395,51.838551,73.196175,8.5145092,0.5,1,1,2682.74,168.36308,15.36,4,525,15.185507,1
14.67765369,54.74932413,98575.852,80558.336,55550,127.16602,91.991409,47.104351,43.926975,8.4667244,0,0,0,3030.072,251.99081,565.64001,4,67,9.9111099,1
19.67765369,56.04932413,129643.13,107457.2,12914.267,127.50657,87.311317,19.246223,49.061913,6.2677593,0,0,0,2285.6252,290.18933,1.79,4,25,7.9214945,0
15.07765369,55.34932413,188626.36,138360.7,1184,128.01102,78.308365,6.7161584,77.288139,9.0889902,0.5,1,0,2627.7727,198.2621,58.98,4,178,15.221018,0
16.17765369,55.24932413,208177.95,349055.94,196315.83,138.17686,210.59085,215.95554,83.870934,8.4231033,1,1,1,2686.4775,154.39253,109.57,4,62,16.041679,0
14.57765369,54.64932413,28594.133,28197.732,21560,140.502,106.45789,59.951862,41.311859,8.4309559,0,0,0,3225.8762,263.91669,416.54999,4,66,9.6009274,0
20.27765369,55.74932413,76988.414,59396.84,36806.969,142.70625,76.477982,41.085697,57.253048,6.3955507,0,0,0,2413.677,238.1199,381.91,4,98,8.5637627,0
14.87765369,54.84932413,107324.68,72278.461,42157.605,143.27242,92.307724,56.87999,46.997009,8.6352615,0,0,0,2819.9426,249.21486,699.39001,4,160,10.33385,1
11.77765369,57.24932413,35394.758,16191.39,300.52332,144.7235,51.811455,6.4762368,38.385601,9.6485415,0,0,0,2215.4861,263.72275,156.8,4,2944,33.665432,0
14.77765369,54.74932413,128621.66,82218.664,45424,145.03177,98.517235,50.905708,48.250767,8.3020229,0,0,0,2841.1489,225.34402,570.16998,4,59,10.893893,1
11.77765369,57.14932413,36101.438,11702.722,158.57841,147.21001,49.755135,5.9058685,18.244013,10.158458,0,0,0,2152.6777,267.30289,946.52002,4,17,32.809784,0
12.37765369,54.84932413,44104.566,40204.766,97.76667,147.23172,103.21078,12.72464,20.878527,10.859088,0.5,0,0,3385.5684,284.8569,47.040001,4,46,14.632838,0
11.77765369,57.44932413,48521.797,26594.811,1735.6362,152.108,60.486935,8.0682001,40.331635,9.951951,0,0,0,2796.1978,267.29666,133.09,4,31,32.102932,0
12.27765369,54.74932413,80178.523,65096.055,2211.6001,153.93916,102.72292,9.8018456,20.868961,10.837738,0.5,0,0,3460.4146,286.55008,48.360001,4,11,15.103469,0
14.17765369,55.14932413,173736.36,150920.69,95825.305,157.05843,113.01794,86.863899,45.867817,10.086512,1,0,0,2904.3982,233.08223,90.120003,4,4516,14.766145,0
13.97765369,55.14932413,108323.9,107828.66,57750,157.79474,127.6404,53.793007,43.923752,10.120319,1,0,0,3003.8865,232.39021,123.08,4,3808,14.708753,1
15.77765369,54.54932413,164254.77,71167,51843,160.32951,92.477501,50.447433,55.25386,8.129406,1,0,0,2581.8494,222.54587,800.65997,4,62,11.682923,0
14.87765369,54.74932413,119878.04,77144.641,40467.5,161.92741,111.92194,81.814323,54.936642,8.4699984,1,0,0,2675.2898,207.13239,662.03003,4,76,11.680674,0
11.67765369,54.44932413,93177.203,88644.93,664,163.24406,122.6142,3.2398527,22.504538,10.685955,0.5,0,1,3355.0994,271.45703,15.27,4,948,18.498558,0
14.87765369,54.54932413,242891.92,122324.18,89451.578,172.14957,142.59384,108.86777,38.482937,8.612525,0,0,0,3084.7268,255.08751,135.86,4,80,9.6877279,0
12.37765369,56.84932413,53027.457,39074.25,1369,174.46297,73.299362,9.6262999,16.580332,10.574729,0,0,1,2755.5796,272.61676,55.68,4,72,27.591391,1
11.57765369,57.44932413,57735.566,32218.334,856,177.55765,60.419468,7.1334071,52.095898,9.0287323,0,0,0,2306.7761,264.52023,1301.33,4,592,34.252514,0
16.07765369,55.44932413,249731.03,284014.16,196891.73,177.65248,207.64009,138.48792,80.948105,8.4173374,0.5,1,1,2735.0593,151.88585,102.07,4,297,16.177017,0
16.27765369,55.54932413,189201.19,21626.658,19168.07,183.93033,19.805395,11.572218,73.380737,8.5192165,0.5,1,0,2661.7454,165.13228,25.719999,4,66,15.143179,0
16.37765369,55.34932413,151064.59,47952.199,47833.602,186.44189,35.583431,23.462626,65.499207,8.4526768,1,1,1,2592.9231,176.55644,7.0700002,4,38,14.482703,0
14.97765369,54.74932413,177396.92,102996.41,48497.184,192.08134,113.90357,48.749268,57.284767,8.5763006,1,0,0,2600.1331,201.71503,428.01999,4,143,12.095905,0
20.77765369,56.34932413,274125.53,61658.637,10726.178,192.6114,49.612446,17.625675,22.539249,9.754158,0,0,1,3410.9575,331.14246,0,4,71,7.0994763,0
12.77765369,56.54932413,135873.09,44859.398,868.20087,194.42636,83.362511,118.24583,16.538338,11.287639,0,0,0,3589.0068,250.6785,0,4,11,27.06819,0
12.87765369,56.54932413,144669.73,46105.629,942.61816,202.26982,86.972115,45.214493,13.023075,11.642276,0,0,0,4843.0254,278.67297,0,4,0,21.662046,0
12.47765369,56.74932413,86208.5,41975.418,541.61169,204.37454,86.595001,8.8528938,19.884016,10.366941,0,0,0,2583.429,255.47363,16.870001,4,65,30.473803,0
15.07765369,55.74932413,210671.48,194474.16,59413.602,218.30669,268.49066,96.403091,52.972172,8.2588043,0,0,1,2479.7615,253.13292,216.37,4,79,10.6724,0
15.37765369,54.94932413,217378.39,146274.86,55570.57,220.59372,133.37939,69.944908,63.63105,9.1583214,1,1,0,2585.1326,201.45264,948.31,4,278,13.602738,0
16.87765369,54.84932413,173058.02,98002.641,77840.461,225.5952,127.47363,86.936531,31.997669,9.2052498,0,0,0,3100.6035,320.02026,141.84,4,71,7.8413534,0
12.57765369,56.74932413,126078.1,46725.957,858.66669,225.64618,96.305,8.617795,14.733082,10.950942,0,0,1,2904.4419,273.93076,1.0700001,4,0,25.761776,0
11.87765369,56.84932413,71246.727,26599.818,1152.4292,227.08006,72.953239,8.8556051,32.232788,10.059752,0,0,0,2080.4587,252.48007,760.31,4,402,33.060276,0
14.67765369,55.74932413,683754.19,185398.7,124991.48,229.17276,120.51242,78.757088,49.943817,8.4065762,0,0,1,2617.6616,270.64825,72.339996,4,76,9.8039761,0
14.77765369,55.74932413,420096.38,126201.11,91287.695,229.97391,96.636589,60.747936,52.883888,8.5066175,0,0,1,2587.7095,253.62038,80.669998,4,62,10.477901,0
14.87765369,55.74932413,390619.44,168171,146944.8,230.77505,72.760757,55.866604,48.355469,8.3246155,0,0,1,2542.8066,260.81378,58.900002,4,73,10.180869,0
15.47765369,54.94932413,353314.34,256717.41,134660.95,231.70549,209.17358,89.385925,72.988297,8.9784079,1,1,0,2588.0601,180.40022,1001.44,4,152,14.308339,0
15.57765369,55.04932413,304790.06,287476.81,220864.67,250.36261,208.2921,150.5437,74.479172,8.743825,0.5,1,1,2608.7239,176.00252,573.39001,4,72,15.06945,0
11.27765369,54.54932413,244433,239934.75,3317.3701,262.68503,215.58055,9.6288805,27.865814,10.468268,0.5,0,1,3284.9717,274.84311,121.04,4,16231,20.608273,0
20.57765369,56.44932413,248167.45,63269.977,13277,265.55008,61.385448,16.355621,28.054636,7.9166579,0,0,1,2792.2986,329.06509,1.5700001,4,970,7.3631968,0
11.07765369,54.54932413,243404.66,239845.16,3170.2935,266.94687,217.18634,7.7565789,11.095846,10.667784,1,0,0,3133.9639,283.54987,6.5700002,4,4880,19.92238,0
11.17765369,54.54932413,408312.38,404491.34,327,268.74609,220.13979,7.5862598,19.609291,10.45152,0.5,0,0,3210.9802,273.47403,41.02,4,5413,21.142498,0
16.97765369,55.34932413,325976.03,263584.84,252857,274.9776,215.10812,191.1136,65.618034,7.2381282,0,0,1,2589.3508,221.30719,121.11,4,50,10.739429,0
14.37765369,55.24932413,210249.05,198727.31,138262.03,275.22067,226.2774,115.3665,43.303642,9.8274593,0.5,0,0,2692.6704,246.86073,195.07001,4,5937,13.378125,0
16.97765369,54.84932413,230852.28,118562.7,108759.62,285.68774,147.64281,118.17747,28.341862,9.0702772,0,0,0,3221.8813,320.19254,106.51,4,1241,7.7718606,0
15.87765369,54.54932413,217300.94,5067.6001,3137.3999,289.55951,22.037514,10.267758,52.587559,8.0237932,0,0,0,2648.5378,236.83727,526.63,4,216,11.030051,0
14.97765369,55.74932413,317914.28,194688.59,115215.64,290.28647,156.65591,89.150398,46.731407,8.1531363,0,0,1,2492.4773,267.39227,92.610001,4,22,9.9123611,0
15.37765369,54.54932413,264811.31,66296.734,29718,292.63107,88.224274,65.449089,53.839012,8.2383804,0.5,0,0,2707.1323,225.57742,341.89999,4,162,11.399819,0
15.47765369,54.54932413,264811.31,66296.734,29718,292.63107,88.224274,40.876019,57.261997,8.3398008,1,0,0,2583.8279,211.16614,773.60999,4,94,12.028376,0
15.97765369,55.44932413,304888.62,285860.41,209725.33,300.65326,299.83987,174.82573,84.309189,8.3400631,0.5,1,1,2707.3982,148.41098,194.91,4,297,16.474363,0
16.67765369,55.14932413,271359.19,103354.08,74051.852,303.49448,143.99908,42.52071,57.009426,7.8563738,0,0,0,2455.0095,248.05434,101.56,4,402,11.06947,1
19.27765369,55.34932413,110018.98,7544.7871,1438.441,305.32858,15.599338,2.1119549,90.662918,7.1468163,0.5,0,0,2647.9849,124.10818,69.919998,4,218,11.416463,0
16.57765369,55.04932413,214528.66,158528.25,108989.02,312.42587,238.64963,118.06326,43.691792,8.4771547,0,0,0,2607.5999,300.5148,22.32,4,42,8.8766365,0
15.67765369,54.54932413,381998.28,107333.34,91902,330.5101,120.11876,77.221062,57.270264,8.2714939,1,0,0,2542.8413,213.96735,707.69,4,46,12.103963,0
14.07765369,55.14932413,227082.61,154871.38,82791.219,339.79126,179.93956,76.887672,43.926815,10.080491,1,0,0,2977.1267,234.33536,95.050003,4,3865,14.493274,1
18.17765369,55.24932413,258552.59,212693.92,192320.73,347.92596,340.57764,219.80551,63.047501,7.2262392,0,0,0,2710.3638,228.35847,14.7,4,70,10.924322,0
15.57765369,55.14932413,351377.09,328777.88,165013.19,349.38776,304.30215,118.04223,78.853516,8.5247536,0.5,1,1,2600.1982,175.63269,411.42001,4,97,15.652243,0
15.87765369,55.44932413,355423.69,353459.69,307820.19,356.73196,333.15402,284.72037,91.038589,8.2723255,0.5,1,1,2652.6265,145.83897,275.19,4,243,16.702148,0
14.67765369,55.84932413,1077987.5,254051.75,158187.64,358.39911,196.29732,69.59668,30.020496,8.6418018,0,0,1,2674.2065,305.22174,66.050003,4,39,8.5859976,0
14.87765369,55.64932413,198963.23,22755,8467.667,361.1344,114.78013,70.191818,63.876373,8.9761696,1,0,1,2583.5835,205.61975,379.14999,4,89,13.588381,0
14.87765369,55.84932413,326734.03,119699,100785.76,361.1344,114.78013,41.928333,42.23901,8.3168983,0,0,1,2578.2114,292.57071,30.209999,4,42,8.8973742,0
16.27765369,55.24932413,424620.81,743568.25,646837.31,370.63391,669.7442,303.31833,74.91922,8.5536852,1,1,1,2660.4907,170.33562,40.080002,4,63,15.135971,0
19.67765369,56.14932413,168161.44,52751.402,12640.845,372.68369,50.973701,18.20591,49.260643,6.2595291,0,0,1,2287.1895,287.27646,0,4,28,8.0190535,0
19.47765369,56.04932413,109156.52,18121.629,11156.548,383.07532,23.155771,15.136374,62.624641,6.334116,0,1,0,2303.1299,239.25612,0,4,21,8.96134,0
17.17765369,55.34932413,559144.69,313466.94,300214.69,396.89325,213.98071,186.98502,65.041534,7.1658349,0,0,0,2653.907,221.34338,243.78,4,100,10.681605,0
15.57765369,54.54932413,279904,101631.41,75130.875,399.84024,114.25072,65.572014,58.692642,8.3917265,1,0,0,2530.2432,202.61183,647.34998,4,45,12.378579,0
16.57765369,55.14932413,339158.84,182334.77,133509.36,400.5441,247.3958,317.51166,56.340157,7.8894281,0.5,0,0,2507.5608,239.08949,29.709999,4,117,11.457933,0
16.47765369,55.34932413,341882.88,12073.28,28,404.27835,141.53156,23.462626,56.690208,7.8466802,0.5,1,1,2520.2275,212.87135,10.67,4,43,12.033365,0
15.97765369,54.84932413,795130.5,506765.62,481685.78,404.49951,353.31174,307.83521,59.426128,8.4439421,1,0,0,2632.8101,210.12047,165.81,4,101,12.877269,0
18.37765369,55.64932413,133188.88,21698.352,21073.303,412.66675,27.516197,2.0863853,96.792702,6.6897521,0.5,0,0,2190.9868,132.47154,34.919998,4,46,11.400517,0
14.37765369,55.34932413,472490.28,354852.78,202622.44,413.86359,308.22534,144.51077,43.898487,9.0179615,0.5,0,0,2713.8289,283.59119,9.0500002,4,21,10.304487,0
14.47765369,55.44932413,517298.47,304062.88,115639.53,435.35162,255.57207,89.126884,54.30896,9.034936,0.5,0,0,2680.647,266.0473,452.95001,4,47,10.903898,0
16.47765369,55.74932413,405682.47,83686,55096,441.55609,91.103867,53.468418,60.524139,7.8063579,0,0,0,2621.3086,192.99561,31.610001,4,243,12.240776,1
18.27765369,55.14932413,205959.67,169133.67,152298,447.14893,284.99152,69.010689,70.21682,6.9829254,0,0,0,2891.5967,220.084,25.35,4,84,10.670144,0
19.57765369,55.94932413,139090.27,26560.262,11288.477,449.07367,30.951174,16.294477,51.782635,6.232398,0,0,0,2264.8843,273.76181,0.88,4,18,8.192502,0
14.47765369,55.34932413,445336.12,291708.66,120634.98,480.92313,341.4765,134.90398,56.605473,9.5047646,1,0,0,2641.8806,251.77892,71.260002,4,6234,12.480982,0
19.27765369,55.44932413,138117.95,5986.7378,1952.7258,495.92529,11.641406,3.3002377,83.834946,7.0411696,0,0,0,2544.8628,136.50833,12.06,4,34,11.124599,0
14.57765369,55.34932413,545560.5,401369.84,162687.25,508.94299,365.71976,114.96819,58.704742,9.9065762,0.5,0,0,2632.1196,243.27608,602.71002,4,473,13.63833,0
16.67765369,55.44932413,481177.09,66349.344,49227.527,516.3418,84.241524,46.660297,43.694366,7.2363214,0,0,1,2542.4133,291.49634,26.030001,4,193,8.1268282,1
20.17765369,56.04932413,285800.41,69594.859,37378.242,521.3537,71.67115,56.949257,40.197369,7.1091394,0,0,0,2671.4829,323.88754,17.6,4,74,7.4201097,0
16.57765369,55.44932413,341882.88,12073.28,28,521.36676,73.320969,29.939028,46.919693,7.2660866,0,0,1,2534.0767,266.11935,11.07,4,332,9.153182,1
20.27765369,56.34932413,331209.72,85755.43,9453.9727,526.19196,68.181976,10.062377,43.36644,6.6598039,0,0,0,2698.4387,304.36606,0.94999999,4,172,7.8003426,0
19.67765369,55.74932413,165666.98,27077.957,10107.689,543.95178,40.973534,17.65312,73.159447,6.6156297,0,0,0,2309.9905,169.43495,2.1700001,4,246,9.9514437,0
16.57765369,55.54932413,407651.78,32082.438,18339.254,546.37061,50.608692,43.63966,59.505978,7.8879442,0,0,0,2597.0457,213.97813,29.34,4,102,11.733515,1
15.67765369,55.04932413,473030.5,436398.88,134221.2,551.68445,493.29312,100.18169,79.690857,8.437542,0.5,1,1,2620.6038,164.0948,561.16998,4,185,15.730789,0
15.27765369,54.54932413,708841.56,203903.83,166550.31,567.56781,103.9193,111.5019,45.270477,8.1727686,0.5,0,0,2855.4712,253.33702,475.84,4,106,10.358137,1
16.47765369,55.14932413,421316.78,309922.62,217236.17,597.20996,456.92703,424.41949,53.888107,7.990562,0,0,1,2556.1216,232.74046,134.36,4,61,11.832485,0
16.37765369,55.04932413,421316.78,309922.62,217236.17,597.20996,456.92703,317.51166,56.148869,8.2590389,0.5,0,0,2548.0715,235.35036,66.080002,4,46,11.754805,0
14.57765369,55.44932413,634440.88,456897.31,191816.48,603.53326,460.14923,95.825363,65.506775,9.4716501,1,0,0,2627.4565,233.05576,589.46002,4,211,13.058637,0
16.27765369,55.14932413,710787.44,490995.44,402476.78,617.78833,473.70328,376.83759,74.905144,8.5610294,1,1,1,2638.9719,171.7216,85,4,28,15.142051,0
20.27765369,56.14932413,386084.94,70463.07,21147.07,630.34192,56.932419,26.937897,32.700718,7.5612311,0,0,0,2754.5168,331.44153,0,4,94,7.3229952,1
20.27765369,56.24932413,397400.78,80410.008,13688.264,632.38147,56.781998,16.46554,38.521786,7.1362963,0,0,0,2744.2605,326.14413,2.05,4,157,7.4362116,0
17.97765369,55.54932413,376215.66,140267.59,136222.53,633.047,164.51755,685.87524,70.49144,6.3053498,0,0,0,2522.4854,176.48418,70.290001,4,288,10.336524,0
15.37765369,54.84932413,427679.12,153074.67,80672.375,639.6875,107.49721,52.822811,70.681168,8.924881,1,1,0,2541.3625,170.23203,979.13,4,266,14.070392,0
18.07765369,55.24932413,501816.31,453120.59,414440.5,676.95837,725.34601,499.1048,68.499809,7.435328,0,0,0,2758.4856,226.78537,2.0699999,4,93,11.254025,0
16.47765369,55.04932413,622517.06,454471.19,360436.56,691.66504,527.86609,315.98297,48.066162,8.2386875,0,0,0,2592.9744,279.8642,67.830002,4,77,9.7261333,1
16.37765369,55.14932413,671336.44,489544.53,395182.78,714.58368,545.0788,431.81137,59.745705,8.3288479,1,0,1,2581.2905,204.34439,19,4,49,13.332857,0
18.07765369,55.64932413,78786,140267.59,136222.53,729.32159,164.51755,157.99051,67.769463,5.7842884,0,0,0,2596.2339,162.7997,33.240002,4,46,9.4856071,0
19.47765369,55.94932413,193661.17,17637.518,10437.596,748.28357,22.747211,14.27906,52.60268,6.2462878,0,0,0,2302.2703,264.06638,0,4,16,8.4331064,0
17.67765369,55.54932413,521361.66,330265.75,300121.69,757.20984,515.0119,480.21765,54.464218,6.5370884,0,0,0,2849.4153,247.5153,199.53999,4,401,8.2370768,0
11.57765369,54.44932413,281242.91,275374.5,159265.64,774.48761,739.62482,367.87546,23.50131,10.53371,0.5,0,1,3332.0869,264.81256,35.450001,4,7452,19.728205,0
17.07765369,56.34932413,398774.97,12447.088,4442.3833,805.58569,27.710318,18.847124,43.889977,6.2264118,0,0,0,2391.8569,209.31792,9.7600002,4,183,8.4998283,0
17.97765369,56.14932413,1003435.7,7265.5571,6622.9951,807.80261,35.76339,20.470575,55.097652,5.6977539,0,0,0,2412.8396,227.6071,24.82,4,16,8.3474827,0
17.77765369,56.34932413,1003435.7,7265.5571,6622.9951,807.80261,35.76339,21.72916,47.744267,5.824234,0,1,0,2315.2837,200.45761,0,4,29,8.4118547,0
17.87765369,56.44932413,569466.25,10962.8,10149.333,807.80261,35.76339,25.492821,43.87027,5.7897892,0,0,0,2249.6143,203.94061,0,4,40,8.4014273,0
17.97765369,56.24932413,569466.25,10962.8,10149.333,807.80261,35.76339,25.492821,47.268791,5.8963861,0,1,0,2415.3125,255.45161,3.25,4,11,8.0505314,1
17.87765369,56.24932413,569466.25,10962.8,10149.333,807.80261,35.76339,25.492821,43.58004,5.9296875,0,0,0,2401.7224,242.5218,2.3800001,4,8,8.1319437,1
17.87765369,56.34932413,569466.25,10962.8,10149.333,807.80261,35.76339,25.492821,33.964008,6.0456963,0,1,0,2345.217,247.89113,0,4,81,8.0512447,0
15.37765369,55.74932413,1130741.2,65982.398,29576.307,829.05365,31.518862,12.456622,60.937214,8.3674316,1,0,1,2539.1594,223.41344,51.119999,4,160,12.258043,0
19.77765369,56.14932413,333013.44,52281.098,12433.766,836.2312,54.110672,20.098024,55.097977,6.1903353,0,0,1,2302.9128,276.32236,9.3900003,4,76,8.1150398,0
17.17765369,56.44932413,406615.84,11688.426,4033.1167,856.09576,27.070164,13.345168,48.051159,5.8892417,0,0,0,2382.8569,195.54553,0,4,79,8.6154032,0
19.57765369,55.74932413,232606.09,22363.518,9905.6348,867.6759,30.263935,15.107412,72.29084,6.5649557,0,0,0,2323.655,177.66197,3.4000001,4,526,9.8602219,0
20.17765369,56.14932413,450756.09,54470.492,22679.047,868.31628,50.73455,29.398291,43.617058,6.9354606,0,0,0,2593.1702,318.0564,7.9000001,4,51,7.5062881,1
17.17765369,56.34932413,413511.56,20579.518,13154.081,943.91479,36.632603,34.147171,42.399921,6.4099202,0,0,0,2446.125,229.26457,0,4,44,8.2892542,0
20.17765369,56.24932413,540377.94,84783.516,16123.384,945.46057,66.417732,16.46554,46.532906,6.65695,0,0,0,2558.999,308.07681,17.16,4,105,7.6782579,0
14.87765369,54.64932413,158802.3,109449.75,69346.594,970.66931,169.94475,90.97493,51.572426,8.3025532,0,0,0,2753.8054,197.92615,315.42999,4,257,11.49224,0
16.87765369,55.34932413,409900.28,126588.19,136296.28,978.39386,107.91833,92.051674,63.784569,7.2386742,0,1,1,2551.1619,225.09454,53.450001,4,27,10.575379,0
19.27765369,56.44932413,263209.12,13907.133,10726.724,990.90601,24.709736,16.071135,127.61469,7.1732564,0,0,0,2103.4392,83.963814,6.0999999,4,60,12.555979,1
17.27765369,55.34932413,698407.75,560963,457256.81,1009.5166,979.88489,925.85095,65.640167,7.1880569,0.5,0,0,2699.7869,218.66809,310.98001,4,587,10.82773,0
16.97765369,56.34932413,405291.53,9795.3779,1457.1406,1029.6521,24.717356,9.350605,52.705482,5.8579359,0,0,0,2338.4824,165.8566,0,4,228,8.9279699,0
17.87765369,55.54932413,1290524.9,1230617,1127664,1038.1831,1948.7717,1264.8344,69.940514,6.2343683,0,0,0,2598.4031,185.65811,86.760002,4,223,9.9494743,0
17.97765369,55.44932413,1290524.9,1230617,1127664,1038.1831,1948.7717,986.11737,70.306831,6.5955424,0,0,0,2633.3628,179.95856,47.560001,4,15,10.847539,0
19.47765369,55.84932413,262660.59,17876.922,9710.5312,1049.3848,23.055548,13.502505,64.142944,6.3341265,0,0,0,2313.6956,227.74086,1.38,4,33,8.9770555,0
14.87765369,56.04932413,453426.09,159912.83,128137.62,1079.2623,107.44718,52.782104,35.324894,8.8085909,0,0,1,2876.8596,302.68216,5.6900001,4,366,8.3461819,0
19.37765369,55.54932413,264064.44,9022.2861,4876.7544,1104.3979,13.744074,6.3257217,84.345985,7.0084023,0,0,0,2474.0906,137.57576,34.650002,4,84,11.056064,0
18.47765369,55.94932413,269426.72,2998.6638,2860.1138,1115.0021,7.0369716,4.0855417,105.32486,6.8303542,0,0,0,2215.2678,103.41326,18.200001,4,31,11.702243,0
17.97765369,55.24932413,846483.88,790722,723756.88,1188.6531,1250.36,1107.3188,62.901745,7.4971571,0.5,0,0,2825.061,237.05779,1.96,4,67,11.009696,0
18.47765369,55.84932413,298788.28,15758.055,15213.216,1194.6305,21.435295,15.319015,106.16573,6.9053278,0,0,0,2183.4771,110.31673,7.46,4,35,11.759773,0
19.47765369,55.74932413,302244.66,16472.031,8834.6943,1230.3085,22.127987,12.403059,70.897362,6.5222001,0,0,0,2352.7322,186.66402,0,4,274,9.7092981,0
19.47765369,55.64932413,302157.72,14994.29,7828.2148,1242.6255,20.999355,11.0997,76.562668,6.7860737,0,0,0,2440.0457,154.88503,20.75,4,366,10.443287,0
17.67765369,55.44932413,846550.81,748653.25,683581.62,1256.1426,1172.0881,888.96936,69.044357,6.7900314,0,0,0,2916.8699,202.00778,133.00999,4,104,10.563231,0
19.27765369,55.64932413,290226.31,5825.7656,3710.4741,1260.0111,9.5479565,4.722846,79.281471,6.9199076,0,0,0,2438.3699,150.04434,8.1599998,4,67,10.7728,0
15.37765369,55.84932413,1189667.6,77174.688,34276.109,1314.7177,87.047005,21.43314,49.856674,7.8002214,0,0,1,2512.1069,262.35559,200.03999,4,45,9.806572,0
19.37765369,55.94932413,319141.81,10751.816,9034.9092,1319.0566,17.355467,12.557553,68.166061,6.441112,0,1,0,2338.4668,207.26343,0,4,22,9.4864378,0
19.87765369,56.14932413,476817.94,13265.7,12094,1337.3751,30.63427,23.20252,59.005337,6.1936769,0,0,1,2333.6587,250.41772,7.3499999,4,93,8.4323645,0
19.77765369,56.04932413,476817.94,13265.7,12094,1337.3751,30.63427,20.298796,55.058155,6.2047114,0,0,0,2299.5583,271.38474,3.9300001,4,20,8.1254435,0
19.87765369,56.04932413,476817.94,13265.7,12094,1337.3751,30.63427,23.20252,58.734268,6.2190528,0,0,0,2339.3618,246.4209,3.1099999,4,55,8.4483776,0
17.27765369,56.34932413,455921.28,29666.748,22953.084,1350.4603,46.741379,49.090851,41.535641,6.4533167,0,0,0,2443.4578,228.73813,0,4,3249,8.2851439,0
19.37765369,55.64932413,322154.31,9945.5742,5894.1274,1373.7045,14.6818,7.7402267,74.961334,6.7905841,0,0,0,2446.7737,158.11789,44.02,4,94,10.459031,0
15.07765369,54.84932413,323123.34,113996.94,80556.531,1395.062,142.46481,87.781471,57.2943,8.8182878,0.5,1,0,2641.2185,214.91225,715.63,4,184,12.074129,0
17.77765369,55.54932413,933242.12,842762.5,770294.12,1402.2584,1323.7451,798.66754,63.421104,6.0730715,0,0,0,2728.6626,204.51285,106.87,4,201,9.0198956,0
18.07765369,55.74932413,613486.38,280278.12,272188,1408.6454,326.9487,217.54059,62.945335,5.6064067,0,0,0,2588.7996,177.77722,156.14,4,62,9.0419044,0
14.97765369,55.24932413,272563.34,54433.941,1506.2922,1502.3844,78.273216,12.977333,57.301907,9.4271812,1,0,0,2704.9094,241.22342,66.129997,4,18,12.958292,0
19.07765369,55.74932413,328536.75,2897.4094,1727.7623,1507.3503,5.7439413,1.0055971,85.355972,7.1102552,0,0,0,2523.186,153.26744,51.84,4,76,11.338615,0
17.37765369,55.34932413,585131.38,566799.94,532456,1512.6135,1444.6921,1207.2556,68.052467,7.3573971,0.5,0,0,2780.3318,209.06441,454.07001,4,120,11.317484,0
19.17765369,56.34932413,428897.34,15500.252,8892.9268,1535.666,24.811094,12.905271,122.95072,7.1058173,0,0,0,2162.9661,104.6018,6.3499999,4,46,12.28855,0
17.27765369,56.44932413,469245.22,13319.03,6264.4834,1549.1469,29.04285,18.662888,50.092247,5.7570877,0,0,0,2374.3682,179.03415,0,4,24,8.7511826,0
19.37765369,55.74932413,367436.88,11154.896,7084.7759,1569.4581,16.469496,9.2802954,68.334114,6.5566497,0,0,0,2363.198,184.90611,5.5500002,4,436,9.7958918,0
19.37765369,55.84932413,371583,11314.148,8249.4053,1573.5647,17.447174,11.086135,64.794632,6.4319243,0,0,0,2341.6074,210.65439,5.25,4,19,9.3613043,0
15.47765369,55.74932413,583726.38,4241.3335,1284,1589.246,55.960571,30.050919,61.590439,8.2518234,0,0,1,2524.8662,227.27477,46.130001,4,151,11.96538,0
19.17765369,56.44932413,485997.31,22663.262,10138.794,1679.7479,34.515305,14.630014,124.05267,7.0844622,0,0,0,2116.845,94.410141,0,4,69,12.412831,1
17.87765369,55.24932413,1125042.2,1064726.6,971939.44,1688.7749,1702.0179,1866.2615,68.771591,7.6370006,0.5,0,0,2994.9058,230.72093,11.45,4,48,11.355966,0
15.57765369,55.74932413,562530.5,32617.098,7444.748,1720.8049,53.432167,22.046236,59.72477,8.1031132,0,0,1,2477.3196,230.52634,19.01,4,2684,11.580602,0
19.17765369,55.74932413,386176.69,4735.0605,3123.1521,1733.4559,8.4526033,3.9481115,76.704742,6.8900247,0,0,0,2466.1011,162.56755,35.73,4,83,10.726384,0
19.27765369,55.74932413,404037.88,7390.6699,5031.8926,1775.334,12.060684,6.3303957,70.895546,6.6674967,0,0,0,2406.7764,176.91127,2.3099999,4,257,10.126876,0
13.17765369,55.04932413,620401.06,192004.14,81599.539,1862.4086,196.3902,69.989693,33.966068,10.510712,0.5,0,0,2864.5281,288.35358,17.82,4,735,12.191857,0
17.37765369,56.34932413,533087.69,36134.574,30287.076,1866.6548,54.65781,50.375835,36.287079,6.8303623,0,0,0,2423.2629,254.36678,0,4,158,8.0605202,0
15.87765369,55.64932413,573909.88,112003.52,90986.547,1888.7552,91.808937,59.330708,70.321625,8.4956818,0.5,1,0,2519.9475,165.42258,118.83,4,735,14.900834,1
14.57765369,55.54932413,645813.62,333370.22,154216.11,1890.4241,306.14218,102.39199,56.977459,9.2106161,0.5,0,0,2650.8147,229.14172,871.92999,4,135,12.339452,0
15.17765369,55.14932413,483604.41,61382.301,34857.996,1895.5645,104.09122,37.530842,59.802982,9.3891382,1,0,0,2695.0366,236.50119,400.98001,4,28,12.806741,0
15.17765369,54.74932413,725119.31,193879.52,148186.86,1897.2469,145.9084,95.028763,64.355553,8.7430229,1,0,0,2681.4561,181.38499,602.27002,4,269,13.08945,0
17.77765369,55.44932413,1290524.9,1230617,1127664,2004.4487,1948.7717,1866.2615,71.580925,7.0769634,0.5,0,0,2840.5598,192.79378,74.220001,4,56,11.432971,0
15.07765369,54.74932413,715214.31,209212.23,156412.81,2024.8236,177.1633,111.68877,60.19619,8.6985531,1,0,0,2610.293,188.90837,702.42999,4,170,12.686934,0
16.97765369,56.24932413,449722.28,13280.583,4838.5933,2046.9546,28.318991,16.682728,43.447254,6.7903876,0,0,0,2398.1128,243.29442,0,4,1217,8.2640972,0
17.77765369,56.24932413,1014170.1,6081.6895,4943.6694,2064.6838,31.037296,19.44383,41.037434,6.1842828,0,0,0,2378.01,241.67526,1.16,4,54,8.080162,0
17.27765369,55.14932413,1189570,1158818.8,863946.88,2073.4927,2035.3693,1243.9771,55.995819,7.5993581,0,0,0,2697.866,245.72081,70.519997,4,74,10.744047,0
15.27765369,55.64932413,678789.31,152271.45,58340.594,2081.6248,109.45428,71.198372,68.026245,8.8935843,1,1,0,2520.1565,186.11087,59.5,4,4279,14.514635,0
17.37765369,55.14932413,921299.06,894477.62,675311.38,2085.9397,2048.9353,1538.9982,52.618591,7.5226154,0,0,0,2926.6577,256.46973,16.280001,4,52,10.301878,0
15.17765369,54.84932413,719621,195582.59,146581.42,2113.0615,181.05632,114.30033,63.742035,8.9193163,0.5,1,0,2641.9587,201.58965,825.96002,4,185,12.697007,0
19.27765369,55.84932413,488759.75,8956.3633,6449.7363,2134.1445,14.750653,8.4514885,69.075798,6.625061,0,0,0,2400.4949,184.57799,1.45,4,34,10.024791,0
14.97765369,55.84932413,390619.44,168171,146944.8,2159.4631,131.49791,49.64349,42.910065,8.1964512,0,0,1,2553.4934,289.70425,43.990002,4,47,8.8952522,0
18.07765369,55.94932413,807390.62,156114.56,151440.5,2241.0564,175.55379,313.89465,45.281555,5.8500061,0,0,0,2453.0518,260.81241,0,4,198,8.0244627,0
16.97765369,55.44932413,518825.19,192127.66,228828.62,2306.7996,132.98843,133.56767,46.653263,7.3094325,0,0,1,2720.0808,291.37308,190.2,4,391,7.9816432,0
15.77765369,55.74932413,953093.19,42592.121,22363.295,2311.3025,53.287525,25.658134,53.368549,7.5265465,0.5,0,0,2436.4951,232.99013,16.969999,4,250,10.885409,0
18.07765369,55.84932413,705226.5,280278.12,272188,2353.8547,326.9487,313.89465,57.326141,5.6079016,0,0,0,2508.6184,214.6991,39.790001,4,53,8.6055584,0
17.47765369,55.34932413,970527.62,938116,738650.69,2404.6982,2361.9529,1187.701,75.994659,7.5913305,0.5,0,0,2915.8347,196.46729,285.53,4,57,12.102471,0
15.17765369,54.54932413,829114.62,267453.72,246121.97,2445.1467,223.79837,150.29033,40.44342,8.2585506,0.5,0,0,3010.9197,263.32483,354.66,4,138,9.9128857,1
17.87765369,56.14932413,1032714.6,6179.6665,5166.0332,2453.5312,30.001917,19.138996,55.306,5.7449012,0,0,0,2428.2078,212.55594,24.469999,4,14,8.4109192,1
17.47765369,56.34932413,667940.88,26982.189,22086.9,2536.4238,47.003445,38.920391,32.147957,7.2178807,0,0,0,2422.2883,286.55545,0,4,1486,7.758357,0
15.97765369,54.94932413,728382.69,418835.81,459862.34,2632.0913,1826.9272,1576.697,71.447281,8.6047125,1,1,0,2703.856,176.70981,424.44,4,105,14.823875,0
17.37765369,56.44932413,582325.94,14240.5,7938.4624,2636.8533,30.532795,20.999546,57.210464,5.680779,0,0,0,2357.2861,163.22961,0,4,26,8.8828421,0
14.97765369,55.94932413,650862.38,154358.58,110050.98,2663.6072,117.81735,55.498859,28.243795,8.5283594,0,0,1,2638.8499,300.24811,1.59,4,99,8.4906178,1
17.77765369,56.14932413,1617161.2,2036.8667,1636,2768.2759,28.679905,17.115742,52.509319,6.0841885,0,0,0,2431.3594,236.82886,24.559999,4,10,8.1407881,1
15.57765369,55.84932413,429706.94,42236.801,3412.5334,2938.8486,59.439934,20.339903,40.028114,7.5688281,0,0,1,2394.8386,285.87976,43.810001,4,277,8.7436724,0
14.57765369,55.64932413,714029.75,243116.22,130997.48,2940.8318,215.20554,108.53516,51.808548,8.8143778,0.5,0,1,2647.24,242.4621,985.09003,4,80,11.226291,0
19.07765369,56.24932413,747400.94,13960.292,5900.1836,2975.678,21.322611,8.9033117,118.25196,7.0790725,0,1,0,2161.0166,111.69337,0,4,38,12.16236,0
17.67765369,55.94932413,742667.88,8725.3496,7097.6499,2996.0969,24.893648,14.748077,62.049229,5.4371428,0,0,0,2498.5688,145.1167,28.23,4,2369,8.7939816,0
15.87765369,55.84932413,1674511.8,40621.469,23494.438,3051.8169,74.799416,36.395721,48.321754,7.2344418,0,0,0,2417.3916,258.93005,41.32,4,506,9.3724747,0
14.97765369,54.54932413,177396.92,102996.41,48497.184,3312.855,253.18106,164.90085,41.179379,8.4511061,0,0,0,3043.4666,244.05351,46.25,4,169,10.061965,0
14.47765369,55.54932413,558349.94,317997.81,130091.02,3325.0386,293.12592,115.44181,44.987942,8.8094854,0.5,0,0,2701.6951,269.3985,633.16998,4,28,10.23702,0
15.07765369,54.54932413,829114.62,267453.72,246121.97,3345.626,261.24966,180.27736,42.063786,8.3716078,0.5,0,0,3039.7031,249.07719,115.37,4,108,10.108677,1
17.47765369,55.14932413,898650.62,867078.5,609914.38,3391.2407,3339.2227,1574.6509,47.033005,7.3659573,0,0,0,3158.2336,276.45459,11.7,4,69,9.3994808,0
14.57765369,55.74932413,1495555.2,249958.86,133272,3434.1733,228.70828,107.2149,42.339077,8.4093447,0,0,1,2670.8196,293.72491,150.25,4,49,9.008007,0
15.17765369,55.24932413,904645.56,44585.668,4966.6665,3446.0417,78.223511,21.831972,58.323151,9.3519135,1,1,0,2640.9341,224.02663,96.82,4,21,13.77852,0
15.87765369,55.74932413,1199297.4,39998.855,24666.832,3480.1428,14.601917,1.0003502,62.207272,7.8851414,0.5,0,0,2455.4534,203.87752,48.709999,4,6501,12.401946,0
15.27765369,55.74932413,1419696.5,82328.977,41846.398,3553.7114,82.102013,38.854568,58.88892,8.4120474,1,0,1,2524.6895,223.82657,102.3,4,46,12.16654,0
16.17765369,54.84932413,1043752.2,676674.75,609423.25,3675.5029,3316.6416,2216.1797,38.404572,8.1403189,0,0,0,2676.8938,283.51746,1.9299999,4,36,9.4982319,0
15.17765369,55.74932413,808867.88,156788.38,51154.77,3828.4749,122.38306,72.046242,57.350067,8.3586006,0.5,0,1,2504.8413,236.5358,148.59,4,55,11.505687,0
17.47765369,56.44932413,730831.62,12831.913,7393.8979,3858.6787,30.108673,20.437422,47.030426,5.9585042,0,0,0,2350.8962,200.60403,0,4,3195,8.5096788,0
18.67765369,56.44932413,983990.25,171.55,171.55,3945.2256,3.5537539,3.5537539,81.206192,6.0169463,0,0,0,2263.4944,164.74248,16.879999,4,21,9.8978605,0
18.77765369,56.44932413,983990.25,171.55,171.55,3945.2256,3.5537539,2.7666404,100.7339,6.3969207,0,0,0,2207.2974,126.76674,0,4,30,10.975344,0
18.97765369,56.24932413,942589.06,10699.458,3748.4307,4019.5649,16.569839,6.1924133,109.49978,6.9043121,0,1,0,2162.1831,113.84216,0,4,41,11.894389,0
17.77765369,56.44932413,878869.69,8491.957,5738.9717,4147.0005,29.875486,25.492821,49.519184,5.678997,0,0,0,2226.0637,184.99945,0,4,1311,8.5699139,0
15.47765369,55.84932413,686479.88,60963.734,6016.6665,4358.8164,79.548553,32.844852,48.49754,7.6664529,0,0,1,2450.0933,273.65646,202.53999,4,80,9.2822456,0
14.47765369,55.74932413,924963.88,256702.25,137821.52,4634.6475,254.96732,138.19366,33.800236,8.7373753,0,0,1,2760.9866,309.17035,215.03999,4,21,8.6117935,0
17.67765369,56.44932413,911552.75,8155.165,4588.4717,4645.0845,28.560946,18.390549,45.847725,5.8472605,0,0,0,2274.572,201.95543,0,4,795,8.4495325,0
17.57765369,56.44932413,865055.12,10593.404,6059.1152,4693.7676,29.279533,18.246082,43.595245,6.0495682,0,0,0,2325.7563,221.5009,0,4,429,8.2927065,0
15.07765369,55.84932413,1030925.9,164499.27,38887.801,4888.9307,154.50841,41.260075,45.169327,8.0629387,0,0,1,2541.2048,279.26175,171.48,4,30,9.1121101,0
15.07765369,55.94932413,1068887.6,145317.22,86253.062,5119.5234,123.79295,53.424988,35.368298,8.267231,0,0,1,2568.0737,286.93878,59.700001,4,24,8.7721758,0
17.07765369,55.34932413,1019525.1,145288.86,278870,5180.2295,16.853659,396.54419,65.574219,7.1986794,0,0,1,2622.1084,223.33362,164.71001,4,43,10.653227,0
18.47765369,56.24932413,940001.06,156.34166,133.09166,5345.2305,3.0534496,2.5460715,72.222847,5.9482055,0,0,0,2218.7847,170.38283,0,4,361,9.7374201,0
15.07765369,56.04932413,1076189.8,141928.06,94599.492,5464.8286,114.15707,52.835785,33.928387,8.5174551,0,0,1,2683.3748,299.77069,25.18,4,78,8.4362535,0
15.57765369,55.94932413,1053643.8,26115.4,13079.533,5467.5811,80.805374,33.985535,41.926105,7.8112135,0,0,1,2436.7373,294.15451,52.200001,4,34,8.4862833,0
18.87765369,56.14932413,1138877.5,5295.73,1836.6487,5523.3462,9.4919376,3.8260701,114.71069,6.9430637,0,1,0,2130.4565,121.68257,0,4,295,11.866359,0
17.97765369,56.04932413,983097.06,76293.945,73685.414,5533.353,20.658567,18.650059,53.056969,5.6997046,0,0,0,2452.3777,221.74626,0,4,2103,8.3450642,0
15.47765369,55.94932413,995725.31,56403.098,22722.51,5605.458,94.075424,39.745975,45.92659,7.8232965,0,0,1,2463.7781,281.466,32.450001,4,33,8.8413229,0
16.37765369,55.74932413,788263,44618.727,28904.588,6195.6089,52.261581,27.59724,61.951298,7.9283023,0.5,0,0,2615.7817,186.41823,94.279999,4,741,12.775763,0
15.17765369,55.84932413,1837681.5,121372.8,62127.602,6810.521,102.67242,40.521961,46.872242,7.96592,0,0,1,2560.2244,266.37769,357.89999,4,33,9.6022444,0
18.67765369,56.34932413,1386986.2,119.45,96.199997,7278.0996,2.7875559,2.2801776,103.9477,6.5604343,0,0,0,2259.6367,115.50024,0,4,16,11.317768,0
15.27765369,55.94932413,1845484.4,119800.47,67786.203,7762.2041,109.18406,46.493462,43.284653,7.9656119,0,0,1,2520.4807,281.10059,81.449997,4,93,8.9627762,0
16.07765369,54.84932413,1208459.6,1165607.4,1118204.6,7797.0811,7729.3013,7638.8315,45.270847,8.1763811,0,1,0,2629.0964,248.34093,23.34,4,93,10.997373,0
15.17765369,56.04932413,1551537.1,127596.84,75328.977,7804.4839,114.92632,62.964493,33.0205,8.5440502,0,0,1,2722.4045,307.51675,33.91,4,8,8.282218,0
14.47765369,55.64932413,545597.06,233716,100896,8139.1201,212.57648,97.4645,50.106075,8.6450768,0,0,1,2668.3472,267.93756,505.67999,4,21,10.121699,0
15.27765369,55.84932413,1837681.5,121372.8,62127.602,9558.4229,110.48513,53.424988,48.860561,7.8948131,0,0,1,2539.7561,258.10944,397.60999,4,105,9.971714,0
15.17765369,55.94932413,1844145.6,120070.23,66815.336,9958.8115,115.89108,50.54303,38.550877,8.07829,0,0,1,2542.0864,285.48434,89.910004,4,36,8.8558092,0
15.37765369,55.94932413,1853287.1,118228.13,73444.797,10525.047,123.53625,72.503998,45.409077,7.901135,0,0,1,2491.9443,276.28818,48.790001,4,890,9.0243692,0
18.57765369,56.34932413,1789982.2,67.349998,20.85,10610.974,2.021358,1.0066015,78.711098,6.0887656,0,0,0,2253.2642,176.47066,2.1199999,4,49,9.7529545,0
18.57765369,56.24932413,1789982.2,67.349998,20.85,10610.974,2.021358,2.3347418,104.36977,6.4682441,0,0,0,2199.7185,119.82712,0,4,290,11.112331,0
15.97765369,55.84932413,2215969.8,22797,8563.5,12577.525,35.462482,14.516528,55.482025,7.2695346,0,0,0,2458.5256,228.64352,92.610001,4,4205,10.455279,0
16.17765369,55.84932413,2292459.2,39849.398,20683.055,12851.974,53.073441,38.437416,55.64658,7.0836043,0,0,0,2414.967,214.73409,180.13,4,4573,10.490451,0
16.17765369,55.94932413,2330704.2,48375.602,26742.834,12989.198,61.878922,26.504026,43.539612,6.8337264,0,0,0,2325.9924,258.65399,172.46001,4,1048,8.6263142,0
16.07765369,55.84932413,2330704.2,48375.602,26742.834,12989.198,61.878922,34.085587,56.314442,7.2085204,0.5,0,0,2440.6091,217.90408,151.24001,4,451,10.689524,0
16.37765369,55.84932413,1390428.6,43047.871,26995.363,14331.864,55.55814,26.493135,52.169594,6.7960262,0,0,0,2464.8398,209.52774,156.81,4,391,9.9602842,0
16.47765369,55.94932413,1526393.8,37436.918,23115.477,16249.716,50.650299,29.446325,47.112442,6.2820277,0,0,0,2388.8762,213.22456,191.57001,4,2576,8.9660368,0
16.27765369,55.84932413,2208726.8,31343.988,16934.023,18571.496,46.151218,34.32267,53.509205,6.8959022,0,0,0,2424.9541,215.70547,169.47,4,3584,10.078205,0
16.27765369,55.94932413,2035045.6,34762.949,18362.748,19504.379,47.921677,25.760433,45.953697,6.629869,0,0,0,2332.4812,251.12279,255.7,4,5255,8.5748692,0
16.17765369,56.04932413,2319026,35366.863,16084.261,22661.09,47.937599,34.085587,37.924675,7.3041654,0,0,1,2305.0874,285.27682,6.6799998,4,18,8.1326733,0
16.17765369,55.64932413,79.192307,77.807693,72.57692,5.0278459,4.02736,26.589851,69.465828,8.4644365,1,0,0,2652.6143,161.02272,66.769997,5,179,14.921888,1
15.77765369,55.04932413,359.46667,386758.19,163102.36,10.123572,398.29279,128.87297,88.543869,8.2864637,0.5,1,1,2653.0669,156.80171,344.67999,5,62,16.179804,0
18.87765369,55.44932413,1376.6666,790.79999,790.79999,19.480303,6.2768145,6.2768145,88.733482,7.3731952,0.5,0,0,2763.7144,158.63478,7.8400002,5,171,11.820223,0
18.87765369,55.34932413,2494,1147.6666,790.79999,20.653736,11.326876,5.6081386,90.864433,7.4167371,0.5,0,0,2921.9829,158.99835,52.959999,5,115,11.831539,0
15.57765369,54.84932413,510418.88,285149.81,176884.67,20.755976,214.03955,157.17545,71.392868,8.8198233,0.5,1,0,2484.1748,169.32254,554.5,5,255,14.494011,0
18.77765369,55.34932413,2031.1854,999.84766,790.79999,21.827169,16.376936,7.0743294,87.886101,7.3978281,0.5,0,0,2928.6135,163.12288,57.57,5,24,11.878345,0
18.77765369,55.24932413,2494,1147.6666,63396.828,21.827169,16.376936,9.2442369,87.621628,7.4691291,0.5,0,0,3026.9722,153.90192,79.589996,5,46,11.949784,0
18.67765369,55.24932413,213574.05,148475.88,127372.14,21.827169,16.376936,8.3353109,82.137428,7.4017382,0.5,0,0,2927.5266,173.85918,89.910004,5,82,11.835891,0
19.37765369,56.44932413,13195.866,222,10697.448,22.323545,6.0663753,16.306267,134.02553,7.2443337,0,0,0,2098.71,86.840324,4.2399998,5,62,12.625997,0
19.47765369,56.34932413,13195.866,222,11601.374,22.323545,6.0663753,15.707603,132.42448,7.285255,0,0,1,2091.0576,111.35838,15.5,5,26,12.342433,0
19.37765369,56.34932413,13195.866,222,10877.658,22.323545,6.0663753,15.700126,132.74289,7.2869945,0,0,1,2104.9631,98.77282,18.5,5,52,12.497618,0
19.47765369,56.44932413,13195.866,222,10667.843,22.323545,6.0663753,15.980536,137.77863,7.289578,0,0,0,2114.6294,91.445534,8.5299997,5,54,12.626729,0
18.77765369,55.44932413,4673.354,1630.516,1858.1333,24.075064,10.728562,5.5947566,86.997734,7.318625,0.5,0,0,2786.178,165.65466,12.39,5,119,11.769165,0
18.77765369,55.54932413,9270.8662,471.25494,471.25494,24.792694,7.6911678,5.2401223,84.856239,7.2122879,0.5,0,0,2694.5449,167.92809,3.2,5,137,11.618335,0
18.77765369,55.14932413,6302.3999,3549.3333,3549.3333,25.482849,14.294298,12.211659,92.099709,7.5016584,0.5,0,0,3138.6965,150.34828,91.830002,5,130,12.03309,0
18.87765369,55.54932413,9223.4463,553.59332,405.07501,27.37569,3.6412058,3.6412058,85.542786,7.2508349,0.5,0,0,2659.4465,161.36862,35.209999,5,87,11.635931,0
18.97765369,55.44932413,8708.6113,599.04285,405.07501,27.37569,3.6412058,3.3617444,85.526192,7.2514338,0.5,0,0,2678.2034,152.84819,35.790001,5,513,11.546013,0
18.67765369,55.34932413,9438.3809,2814.3071,3992.8,28.426918,13.045986,7.537796,82.625557,7.3203049,0.5,0,0,2860.3313,180.30733,53.279999,5,42,11.764741,0
18.67765369,55.44932413,10024.756,2925.4666,2925.4666,28.514553,10.445331,7.6491451,80.449448,7.2329078,0.5,0,0,2744.9827,178.80212,9.1000004,5,93,11.669118,0
19.37765369,56.24932413,9544.8223,1499.5728,10971.677,28.517286,9.3387966,15.129741,119.78343,7.2508044,0,1,0,2113.5984,126.5339,32.91,5,104,12.110382,0
19.57765369,56.44932413,9544.8223,1499.5728,10947.104,28.517286,9.3387966,15.707603,137.04913,7.3114591,0,0,0,2118.8552,97.067177,5.98,5,26,12.553732,0
18.87765369,55.64932413,12540.751,338.89505,338.89505,28.730324,3.1890068,3.1890068,81.127701,7.1475859,0.5,0,0,2577.696,162.94614,3.5999999,5,70,11.488032,0
18.87765369,55.14932413,5032.9331,2748.7778,3549.3333,29.138527,12.211659,9.0906792,91.093536,7.4466166,0.5,0,0,3081.8394,143.51746,46.09,5,48,11.891028,0
18.97765369,55.14932413,6302.3999,3549.3333,3549.3333,29.138527,12.211659,12.211659,90.142296,7.3456893,1,0,0,3028.6375,137.54079,100.6,5,259,11.724369,0
18.97765369,55.04932413,6302.3999,3549.3333,3549.3333,29.138527,12.211659,9.0906792,95.449234,7.4754004,1,0,0,2951.1699,145.6723,204.53999,5,273,12.007186,0
18.87765369,55.04932413,6302.3999,3549.3333,3549.3333,29.138527,12.211659,12.211659,95.298355,7.4961147,1,0,0,3170.9053,153.66057,138.97,5,58,12.061061,0
18.97765369,54.94932413,6302.3999,3549.3333,3549.3333,29.138527,12.211659,12.211659,99.864761,7.5421162,1,0,0,3036.9849,143.95555,257.78,5,253,12.152349,0
19.47765369,56.14932413,8032.5107,2028.7606,11849.035,31.082817,10.694279,15.707603,74.579903,6.6579442,0,1,0,2283.5317,182.61536,1.8200001,5,35,10.262212,0
18.57765369,55.34932413,14348.8,3992.8,3992.8,32.449303,11.015853,8.3353109,81.888313,7.4247985,0.5,0,0,2699.0317,189.46898,54.189999,5,264,11.955327,0
18.87765369,55.24932413,17850.645,3238.3494,1797.4023,33.964039,13.891341,7.5152483,84.566597,7.3858213,0,0,0,3054.1235,149.71332,16.209999,5,282,11.683404,0
18.17765369,55.54932413,24873.6,257.06668,257.06668,34.498112,2.0863853,2.0863853,77.751091,6.0498691,0,0,0,2448.7769,148.88213,1,5,407,10.166468,0
18.07765369,55.44932413,47204.848,257.06668,257.06668,34.498112,2.0863853,2.0863853,74.939423,6.327323,0,0,0,2536.2825,169.57945,18.200001,5,16,10.478482,0
18.27765369,55.54932413,24873.6,257.06668,257.06668,34.498112,2.0863853,2.0863853,87.104233,6.3687935,0.5,0,0,2355.4092,133.51399,51.970001,5,390,10.826222,0
18.17765369,55.44932413,24873.6,257.06668,257.06668,34.498112,2.0863853,2.0863853,79.415871,6.4504776,0,0,0,2466.4902,160.06085,7.5500002,5,176,10.752362,0
18.27765369,55.44932413,24873.6,257.06668,257.06668,34.498112,2.0863853,2.0863853,84.293633,6.7342925,0.5,0,0,2396.762,161.37758,44.77,5,32,11.206563,0
18.37765369,55.54932413,24873.6,257.06668,257.06668,34.498112,2.0863853,5.0367274,89.237656,6.7438464,0.5,0,0,2275.3789,143.51503,57.919998,5,374,11.389622,0
18.17765369,55.34932413,24873.6,257.06668,257.06668,34.498112,2.0863853,2.0863853,79.298088,7.4472642,0.5,0,0,2570.689,198.19342,0,5,379,11.931254,0
19.17765369,55.54932413,20434.949,19.35,19.35,35.27108,1.0055971,1.0055971,85.511681,7.0980988,0,0,0,2434.7007,144.36928,36.389999,5,77,11.23755,0
18.97765369,55.74932413,20434.949,19.35,19.35,35.27108,1.0055971,1.0055971,85.098946,7.1159267,0,0,0,2552.1882,159.04996,65.089996,5,79,11.452671,0
19.07765369,55.54932413,20434.949,19.35,19.35,35.27108,1.0055971,2.6344929,85.285706,7.1571593,0.5,0,0,2470.6875,148.25912,60.290001,5,59,11.383055,0
18.97765369,55.54932413,20434.949,19.35,19.35,35.27108,1.0055971,1.0055971,85.529106,7.2206488,0.5,0,0,2560.9775,155.75128,19.59,5,130,11.533425,0
20.07765369,55.54932413,14751.033,5559.7334,3851.3999,35.555416,17.433523,11.059439,82.787086,6.9259033,0,0,0,2428.7244,137.13004,88.07,5,88,10.55754,0
20.07765369,55.64932413,47688.809,37495.027,22196.83,35.555416,17.433523,4.0168009,76.11425,6.8708863,0,0,0,2419.5549,128.39825,73.32,5,806,10.403204,0
18.97765369,55.34932413,21783.383,2975.0376,1066.3188,37.098576,11.542224,5.194397,84.841766,7.2304235,0,1,0,2892.3523,150.71959,63.599998,5,229,11.432028,0
19.57765369,56.24932413,4381.4668,3306.3333,12914.267,37.276558,13.966701,15.707603,80.718727,6.6821408,0,1,0,2181.2925,179.61726,12.91,5,176,10.360279,0
18.37765369,55.44932413,14348.8,3992.8,3992.8,37.760372,8.3353109,5.3849683,85.390022,7.0453405,0.5,0,0,2412.2695,171.78688,31.08,5,23,11.613767,0
18.47765369,55.54932413,14348.8,3992.8,3992.8,37.760372,8.3353109,8.3353109,90.939598,7.0924625,0.5,0,0,2361.7922,165.37758,27.360001,5,404,11.766262,0
18.57765369,55.64932413,14348.8,3992.8,3992.8,37.760372,8.3353109,8.3353109,96.033211,7.1604409,0.5,0,0,2296.7153,166.81776,0,5,54,11.778527,0
18.67765369,55.54932413,14348.8,3992.8,3992.8,37.760372,8.3353109,7.537796,82.283623,7.1765261,0.5,0,0,2691.4585,174.64915,4.1500001,5,185,11.617991,0
18.57765369,55.54932413,14348.8,3992.8,3992.8,37.760372,8.3353109,8.3353109,86.576561,7.2264409,0.5,0,0,2553.4465,175.95844,13.82,5,237,11.793934,0
18.47765369,55.44932413,14348.8,3992.8,3992.8,37.760372,8.3353109,8.3353109,84.620522,7.258111,0.5,0,0,2526.6025,181.04752,2.05,5,56,11.860953,0
18.57765369,55.44932413,14348.8,3992.8,3992.8,37.760372,8.3353109,8.3353109,83.80162,7.2997441,0.5,0,0,2642.3728,183.67867,17.549999,5,121,11.846199,0
18.47765369,55.34932413,14348.8,3992.8,3992.8,37.760372,8.3353109,8.3353109,82.721451,7.5021195,0.5,0,0,2587.0234,194.56895,13.35,5,40,12.086195,0
19.07765369,55.44932413,32700.254,3000.876,335.23535,41.531483,8.2200708,2.8735456,84.342911,7.1101956,0,0,0,2646.6189,147.54132,305.38,5,392,11.256518,0
19.07765369,54.64932413,23211.199,9124.5332,1228.8,44.017689,20.378223,4.4420948,85.481567,7.1679173,0.5,0,0,4599.2393,163.9039,486.03,5,963,11.335225,0
19.07765369,54.84932413,23211.199,9124.5332,1228.8,44.017689,20.378223,7.8737898,102.61928,7.5711527,0.5,0,0,3203.3259,140.74355,328.54001,5,445,12.198586,0
19.07765369,55.04932413,37396.254,5984.1357,2214.3506,47.073013,15.589353,8.0282249,96.904945,7.4725294,1,0,0,2858.4424,139.47047,86.82,5,76,11.988329,0
20.17765369,55.54932413,31135.031,20047.172,14765.95,48.313213,26.921867,19.255022,71.594109,6.7154379,0,0,0,2489.5417,185.31793,11.47,5,475,9.7417545,0
19.47765369,56.24932413,32959.559,22902.773,12914.267,49.341354,25.475494,15.707603,108.47643,7.0789142,0,1,0,2130.0859,144.20514,29.700001,5,329,11.550839,0
18.07765369,55.54932413,51829.801,257.06668,257.06668,49.997749,2.0863853,98.440437,70.440834,6.0924768,0,0,0,2489.8167,167.36316,5.8299999,5,472,10.087281,0
18.97765369,55.24932413,33037.309,5093.3799,1937.8667,50.787369,16.288897,7.0000801,78.262482,7.1930251,0,0,0,3022.7114,145.21648,33.360001,5,419,11.289936,0
19.07765369,55.14932413,43836,6488.3999,1937.8667,50.787369,16.288897,7.1618071,91.807617,7.305388,1,0,0,2909.6211,136.26714,53.610001,5,85,11.660798,0
19.97765369,55.54932413,27039.699,23870.666,4256,53.403496,32.899506,9.4693346,82.720551,6.9812555,0,0,0,2357.4236,128.12474,161.5,5,69,10.82456,0
19.17765369,55.14932413,50275.746,6992.6641,1661.3827,54.50172,16.98844,6.2953892,95.184723,7.3357077,0.5,0,0,2753.1794,134.75835,131.69,5,112,11.74481,0
19.57765369,56.34932413,40356.32,29371.596,12914.267,55.321373,30.206234,15.707603,115.84393,7.1671791,0,0,0,2095.0059,130.63512,28.559999,5,48,11.888677,0
19.97765369,55.64932413,22943.479,17767.021,4121.1333,57.099957,36.102615,19.068897,76.590042,6.9258513,0,0,0,2345.8699,116.91518,24.91,5,1026,10.656999,0
19.87765369,55.64932413,27039.699,23870.666,4256,60.796413,39.305725,11.727848,79.544945,6.9491076,0,0,0,2289.7217,121.00367,44.580002,5,913,10.761781,0
20.27765369,55.64932413,64098.629,48246.812,29981.646,61.071007,36.410213,20.686314,70.924568,6.6529684,0,0,0,2477.7683,185.56235,113.22,5,225,9.5449581,0
17.97765369,55.64932413,613486.38,280278.12,272188,71.917542,326.9487,217.54059,62.92667,5.7361503,0,0,0,2628.1465,172.67839,82.480003,5,41,9.162075,0
19.27765369,55.24932413,81369.602,9427.4668,326.39999,72.436211,20.366133,2.1119549,90.280525,7.2125039,0.5,0,0,2717.0295,126.44665,158.92999,5,201,11.563697,0
20.17765369,55.64932413,14751.033,5559.7334,3851.3999,72.96904,39.866116,27.979843,74.906715,6.7502341,0,0,0,2487.8987,165.17068,100.68,5,251,9.9222755,0
18.97765369,54.44932413,63167.398,835.5,225,74.371918,10.369586,2.0996256,63.870613,7.5836549,0,0,0,10708.367,256.0889,1256.83,5,66,8.7325983,0
19.57765369,56.14932413,56266.547,46447.035,12914.267,74.651054,44.347034,15.707603,60.924107,6.3044162,0,1,0,2301.0491,251.0201,20.219999,5,27,8.7083416,0
19.67765369,56.34932413,63132.074,49796.473,12914.267,74.770668,45.40807,15.707603,99.282303,7.0126739,0,0,0,2130.2151,139.43994,22.73,5,57,11.448228,0
20.37765369,56.44932413,122041.47,86727.344,6691.4116,74.864914,46.405964,7.4101005,48.00832,6.5226774,0,0,0,2520.9062,295.58157,2.3399999,5,180,7.9690347,0
18.87765369,54.54932413,234850.84,110931.84,20938.551,75.608788,19.640646,60.824329,65.153343,7.1486459,0,0,0,7992.6333,249.92902,1018.58,5,5742,9.1290913,0
14.07765369,54.04932413,26426.242,25985.291,11000.854,77.618301,65.303658,18.048605,10.942184,11.263133,0,0,0,14508.361,318.1243,0,5,39,7.276104,0
19.77765369,55.74932413,27039.699,23870.666,4256,78.644493,54.771706,17.180382,74.596848,6.6785059,0,0,0,2303.3269,159.97075,9.3000002,5,64,10.013905,0
19.97765369,55.74932413,27039.699,23870.666,4256,78.644493,54.771706,17.180382,73.682495,6.7312856,0,0,0,2430.9319,152.37453,11.21,5,84,9.987464,0
19.87765369,55.74932413,27039.699,23870.666,4256,78.644493,54.771706,23.46104,74.940506,6.7314062,0,0,0,2356.8037,150.67815,6.8600001,5,51,10.093924,0
15.77765369,55.24932413,79706.828,304970.03,148024.67,79.485489,248.74072,162.89717,95.260475,8.2006578,0.5,1,1,2696.4597,150.08624,304.42001,5,116,16.824112,0
18.37765369,56.14932413,90019.93,245.33333,245.33333,79.487534,4.0855417,4.0855417,76.278465,5.9805679,0,1,0,2220.4749,153.944,0,5,44,10.021842,0
18.37765369,56.04932413,90019.93,245.33333,245.33333,79.487534,4.0855417,4.0855417,89.558784,6.2599263,0,0,0,2201.3389,123.46099,2.2,5,73,10.76167,0
18.37765369,55.94932413,90019.93,245.33333,245.33333,79.487534,4.0855417,4.0855417,99.478508,6.4786825,0,0,0,2210.5203,111.46687,1.87,5,59,11.165301,0
18.47765369,56.14932413,90019.93,245.33333,245.33333,79.487534,4.0855417,3.1340969,101.50986,6.4852467,0,1,0,2180.24,112.85171,0,5,1441,11.169282,0
18.47765369,56.04932413,90019.93,245.33333,245.33333,79.487534,4.0855417,4.0855417,103.63345,6.688448,0,0,0,2189.6042,103.39519,0,5,129,11.531603,0
10.17765369,54.84932413,11194.866,11081.934,20.6,79.958427,54.91024,3.0087914,29.911121,9.6117563,0.5,1,0,2630.5918,197.26625,335.39999,5,430,22.093321,0
19.17765369,55.04932413,61993.258,7106.4175,2249.3003,90.248512,16.764824,7.1618071,99.755402,7.5008726,0.5,0,0,2768.23,133.97108,110.55,5,195,12.039212,0
15.87765369,55.14932413,85315.352,157425.17,140804.09,90.412025,189.34494,102.57553,92.666603,8.1755571,0.5,1,1,2720.0366,148.32854,288.01999,5,50,16.689524,0
20.07765369,55.74932413,59671.746,48867.148,28990.83,97.752708,60.646347,27.345997,70.10083,6.6332994,0,0,0,2448.7188,171.89169,30.01,5,89,9.5813885,0
10.57765369,56.84932413,21418.834,15712.3,0.89999998,99.091469,58.699924,1.0003604,10.932997,10.500292,0,0,0,2973.7119,293.29352,17.290001,5,844,26.636158,0
10.67765369,56.74932413,21418.834,15712.3,0.89999998,99.091469,58.699924,1.3880929,13.022925,10.566201,0,0,0,2984.1628,288.43427,6.5900002,5,271,27.194489,0
20.47765369,55.54932413,76524.719,57568.285,14548.25,100.72558,64.538559,37.576916,59.628445,6.5722308,0,0,0,2778.8342,241.90256,211.13,5,97,8.644722,0
20.27765369,56.44932413,145630.34,103945.25,8072.6919,101.29565,65.835617,8.7362385,65.37793,6.2946916,0,0,0,2382.0203,230.04964,32.939999,5,180,9.0342522,0
9.777653694,55.14932413,51327.109,50312.75,451.47406,102.38203,81.903206,2.703249,23.122572,10.231887,1,0,0,2679.6672,212.37918,16.01,5,38,20.60215,0
10.47765369,56.54932413,27826.023,21756.596,1.8556727,104.41763,63.948318,1.1450846,7.5576711,10.885535,0,0,0,7000.3555,297.00043,0,5,6,25.25009,0
20.17765369,55.74932413,63903.023,49022.051,36595.051,108.44939,65.617149,33.21814,62.727203,6.4821706,0,0,0,2426.1406,209.02092,169.7,5,65,9.0212936,0
19.87765369,55.84932413,65477.289,57198.719,28960.4,110.92704,74.258911,33.653191,65.162804,6.4126105,0,0,0,2403.6921,205.32683,0.79000002,5,40,9.1052389,0
20.47765369,55.14932413,61945.43,41633.441,13659.986,111.66071,59.37711,27.066511,28.365707,8.8155727,0,0,0,3277.322,321.07507,47.669998,5,6,7.2206569,0
11.67765369,54.24932413,42632.102,41044.133,346.13333,112.21256,81.563667,11.140342,24.993675,10.529125,1,0,1,3563.2922,235.00432,265.20001,5,356,20.255457,0
10.57765369,55.64932413,23435.801,19372.334,13,112.64458,55.219059,5.0302258,16.506557,10.383543,0,0,0,3836.1243,265.53531,3.49,5,292,25.904791,0
19.07765369,54.74932413,116417.87,9433.7021,4696.2646,112.89052,18.483883,13.618811,99.059952,7.4353309,1,0,0,3872.2368,148.71684,537.65002,5,249,11.969609,0
16.07765369,55.54932413,204995.17,197128.36,134322.36,112.91487,98.971268,104.74358,77.300499,8.4930429,0.5,1,0,2716.2859,151.24037,99.25,5,85,15.798667,0
10.57765369,56.54932413,38935.25,32461.84,1.7009711,113.27676,73.175453,1.3768448,7.5576596,10.886957,0,0,0,5861.9297,298.4863,11.24,5,203,25.18684,0
11.67765369,57.24932413,20676.434,13668.634,181.33333,113.336,49.609802,8.0682001,53.90646,9.3280382,0,0,0,2173.6606,256.25754,673.60999,5,67,34.084145,0
11.67765369,57.44932413,20676.434,13668.634,181.33333,113.336,49.609802,7.2320957,46.769192,9.4159098,0,0,0,2440.707,264.18524,879.48999,5,318,33.639626,0
20.77765369,55.74932413,70014.336,66769.266,55842.934,115.19629,76.15567,47.533031,40.309464,7.3517594,0,0,0,3807.6274,322.36783,119.14,5,121,7.3614764,0
12.17765369,55.14932413,34849.898,24495.334,8334.1338,117.57919,85.539307,19.717173,4.6979232,11.38613,0,0,0,3538.5813,319.14291,0,5,5,10.3653,0
19.97765369,55.84932413,73437.977,64101.184,34076.852,117.61297,78.294846,31.025492,65.569832,6.4320216,0,0,0,2411.1558,204.77251,2.5899999,5,42,9.0837317,0
12.77765369,55.04932413,67837.68,62779.707,34672.609,118.60052,82.092751,23.368124,28.698925,10.86259,0.5,0,0,2795.5828,296.7373,3.3199999,5,1770,12.398913,1
10.27765369,54.94932413,55241.125,52165.695,644.83356,118.84472,91.582954,4.4464006,16.562902,10.41489,1,0,0,2712.9119,261.33954,5.0599999,5,8,19.72261,0
11.77765369,54.34932413,25314.666,20631.133,1.8,120.56496,78.31498,1.000844,23.494558,10.57604,0.5,0,1,3374.4661,250.63445,90.510002,5,317,19.961365,0
10.07765369,54.94932413,109347.13,100476.27,2059.4666,121.04926,97.244156,5.4465613,33.871521,9.4147158,0.5,0,0,2566.4973,171.59846,83.959999,5,464,22.291334,0
16.07765369,55.14932413,271735.62,263541.88,130592.66,121.31693,105.3466,94.175011,87.541603,8.265233,0.5,1,1,2661.7288,150.17107,202.36,5,58,16.426754,0
20.47765369,55.64932413,93540.438,77392.586,43571.059,122.7738,79.772598,41.208801,61.897404,6.4942036,0,0,0,2723.9766,225.75403,622.5,5,255,8.7874861,0
12.57765369,55.14932413,37514.473,30393.086,13131.224,123.01792,92.417816,32.110371,23.298117,11.05929,0.5,0,0,2940.0405,305.71582,1.05,5,79,12.33233,0
20.37765369,55.64932413,94305.188,73746.719,41498.461,123.28362,75.16523,40.160152,65.48909,6.5669742,0,0,0,2487.2014,200.93964,288.20999,5,299,9.2086267,0
20.57765369,55.54932413,76524.719,57568.285,14548.25,123.6919,78.95565,36.669434,64.50592,6.5208097,0,0,0,2919.8438,241.77667,470.78,5,117,8.6136465,0
9.777653694,54.84932413,71368.875,65214.035,1081.0729,123.7663,90.466637,5.6341596,20.363707,10.541308,1,0,0,2634.2983,237.84531,33.380001,5,13,20.025278,0
20.47765369,55.04932413,62542.324,38878.672,13022.359,124.00155,56.768665,25.243113,25.660446,9.4387236,0,0,0,4114.8159,323.02615,11.09,5,3,7.0821042,0
14.57765369,55.14932413,77716.203,74637.266,61777.332,124.22652,92.349022,47.052052,40.48135,10.233616,0.5,0,0,2810.8733,264.13251,687.14001,5,10,12.574913,0
19.97765369,55.94932413,81398.664,71003.648,39193.301,124.2989,82.33078,35.806774,57.336002,6.2969685,0,0,0,2447.1008,246.41133,3.01,5,29,8.4505367,0
13.47765369,54.14932413,49853.352,48040.992,22811.557,124.39983,97.374992,34.883499,6.2184896,11.264489,0,0,0,18029.41,327.48523,0,5,45,7.2519574,0
14.57765369,54.84932413,74914.469,65471.652,46475.223,125.66553,88.246239,54.153481,16.419378,10.687499,0,0,0,3207.8555,324.58334,139.37,5,36,8.1161289,0
13.47765369,54.74932413,108537.37,104727.16,54156.668,126.65742,103.42325,45.133915,40.67297,10.582591,1,0,0,3747.0579,284.09821,260.25,5,1209,13.512255,0
13.57765369,54.14932413,52969.98,51501.668,24899.016,127.28426,103.7687,41.145817,7.5576711,11.261513,0,0,0,16627.936,325.55878,0,5,318,7.3957171,0
19.67765369,56.24932413,129643.13,107457.2,12914.267,127.50657,87.311317,15.707603,69.90255,6.4074187,0,1,0,2221.5649,216.32971,0.40000001,5,370,9.3823099,0
19.77765369,56.34932413,129643.13,107457.2,12914.267,127.50657,87.311317,18.611328,92.429222,6.8030443,0,1,0,2187.5122,153.59087,6.7199998,5,39,10.891945,0
19.67765369,56.44932413,129643.13,107457.2,12914.267,127.50657,87.311317,15.707603,131.04404,7.2944736,0,0,0,2113.0793,107.15378,50.709999,5,73,12.364188,0
14.87765369,55.34932413,188626.36,138360.7,1184,128.01102,78.308365,82.808136,69.881111,9.5256739,1,1,0,2700.4216,227.4969,191.07001,5,192,13.999758,0
14.97765369,55.34932413,197770.89,169751.27,78361.711,128.01102,78.308365,77.844261,68.329674,9.4426012,1,1,0,2666.9827,217.91664,74.610001,5,150,14.470607,0
18.37765369,55.34932413,85377.32,45783.285,33933.699,128.64929,69.622673,8.3353109,82.135345,7.4919257,0.5,0,0,2524.9089,196.94582,23.5,5,101,12.039755,0
20.67765369,55.54932413,76524.719,57568.285,14548.25,129.6908,82.721451,38.644489,53.987167,6.4623852,0,0,0,3020.2029,269.34921,647.60999,5,197,8.1953135,0
13.87765369,54.94932413,59111.266,51822.668,39294,130.40981,77.078537,40.958775,46.609348,10.362398,1,0,1,3237.886,232.46596,59.099998,5,5124,16.250385,0
12.77765369,55.14932413,41282.75,38733.766,19915.334,130.70944,102.1455,28.225845,31.729471,10.877793,0.5,0,0,2872.5488,295.81555,24.25,5,124,12.222231,1
11.07765369,56.04932413,40262.766,28504.6,171.73334,132.28981,71.316269,7.0703673,23.498699,10.329253,0,0,0,2510.3723,261.06683,4.73,5,1469,29.550764,0
11.17765369,55.94932413,40262.766,28504.6,171.73334,132.28981,71.316269,9.4947557,22.448864,10.530856,0,0,0,2506.3159,265.45538,29.370001,5,3139,26.51058,0
11.07765369,55.84932413,40262.766,28504.6,171.73334,132.28981,71.316269,7.2347555,18.340878,10.572594,0,0,0,2479.5273,279.25015,0,5,2,23.927389,0
10.67765369,56.54932413,60484.777,53148.996,2.0341582,132.90694,91.326813,2.0011516,7.4444871,10.962001,0,0,0,5157.5005,296.89859,0.57999998,5,16,25.277813,0
10.37765369,54.74932413,143558.72,137787.3,552.48572,133.74454,99.056351,1.0533243,16.555447,10.491794,1,0,1,2602.1089,262.69864,294.75,5,60,20.599646,0
15.97765369,55.14932413,36.866665,36.866665,142786.91,135.08217,177.04366,115.22016,91.394882,8.198247,0.5,1,1,2682.5315,147.19196,230.50999,5,81,16.655535,0
14.47765369,55.14932413,33977,33388.199,29960,135.63629,98.458237,44.208908,45.743275,10.325714,0.5,0,0,2771.3596,246.59552,238.87,5,88,14.17464,1
14.47765369,55.04932413,87705.453,76210.68,59541.926,136.55437,98.108109,44.761902,38.480648,10.281216,0.5,0,0,2895.2678,273.78412,24.99,5,42,11.776043,0
13.67765369,54.44932413,63330.535,62972.734,31826.666,137.10321,124.883,65.295517,18.139034,11.081368,0,0,0,8182.1577,290.89517,31.74,5,685,9.439168,0
9.877653694,55.14932413,58646,43245.316,100.93333,137.45093,82.585716,6.5428476,20.769852,10.474681,1,0,0,2707.1226,244.89627,23.65,5,359,19.923815,1
20.97765369,55.64932413,128313.69,64313.547,34767.355,138.09042,73.537781,43.06831,27.945717,8.6876965,0,0,1,5461.4541,327.18741,15.49,5,256,7.2144456,0
20.87765369,55.74932413,129654.46,65279.34,38390.012,139.6283,70.356125,47.533031,33.685543,8.210043,0,0,0,4614.9927,325.30768,55.880001,5,446,7.2533221,0
20.77765369,55.54932413,76524.719,57568.285,14548.25,139.93155,89.150078,38.914925,50.092415,6.6257195,0,0,1,3278.1489,297.71902,274.82001,5,83,7.7849169,0
11.67765369,57.34932413,36026.828,21352.17,460.78943,139.93747,54.087311,7.3346705,54.381016,9.1152897,0,0,0,2242.2939,258.72565,926.59003,5,950,34.181995,0
10.67765369,54.44932413,71468.18,59654.816,42.333332,142.42735,107.34063,5.021091,18.56098,11.166698,1,0,1,2681.8391,258.90817,150.85001,5,22,20.534399,0
11.97765369,54.34932413,25314.666,20631.133,1.8,142.72958,87.243027,173.73273,17.727161,10.852661,0,0,0,3418.5293,277.51086,28.469999,5,3935,17.385996,0
11.27765369,56.84932413,85179.797,72491.602,23.333334,143.37607,95.261787,2.0102558,13.01008,10.891617,0,0,0,2077.0271,295.70508,0.92000002,5,32,24.563826,1
20.87765369,54.94932413,79349.57,55060.137,18844.32,143.48726,86.8172,33.897007,3.0721133,10.774823,0,0,0,35761.336,353.50363,0,5,0,0.02407868,0
12.47765369,56.54932413,36085.934,29750.801,2.1333334,143.88104,60.264481,1.0008636,25.149952,9.8559418,1,0,0,2448.4543,238.33141,202.16,5,124,32.843914,0
12.67765369,56.54932413,108284.81,40599.586,626.8941,143.88104,60.264481,7.3515959,19.898943,10.738947,0,0,0,3044.8252,235.93047,0,5,145,30.133865,0
20.97765369,55.44932413,99458.219,61813.195,28960.283,145.13562,88.648323,39.475605,20.268343,9.5081463,0,0,0,4745.4707,331.04846,0,5,0,7.1246119,0
10.17765369,54.74932413,86663.141,84347.156,372.06668,145.46915,110.43938,6.1684446,24.633596,10.053296,1,0,1,2651.7542,217.19717,489.19,5,95,21.767084,0
10.17765369,54.94932413,70991.984,67328.812,1455.5176,146.34148,117.51448,4.8855696,29.118784,9.7564392,0.5,0,0,2620.8123,205.4744,140.28999,5,66,21.507545,0
13.37765369,54.74932413,80653.453,77624.164,44224,146.63969,107.11102,44.135616,40.156151,10.596539,1,0,0,3724.1963,284.01535,116.42,5,1694,13.634431,0
10.87765369,56.84932413,84860.203,74358.969,12.933333,146.66272,103.10666,2.0057037,12.316406,10.868317,0,0,0,2667.8545,286.75632,0,5,689,26.804018,0
11.97765369,57.24932413,20598.303,13089.346,196.29477,147.17471,51.341076,6.4592047,38.602547,9.5760221,0,0,0,2476.0801,257.89197,1262.8199,5,7,33.215199,0
11.87765369,57.14932413,22781.334,14709.1,259.20001,147.17471,51.341076,6.0894747,55.060616,9.1511297,0,0,0,2194.5356,252.17337,1054.16,5,3913,34.020153,1
12.17765369,57.04932413,35307.332,28211.271,914.25,147.3638,63.03912,6.062077,28.937145,10.017281,0,0,0,2536.4697,265.95096,1200.55,5,358,30.636869,0
20.97765369,54.94932413,82904.109,57117.414,20386.332,147.57864,90.464622,35.129265,3.0721133,10.766975,0,0,0,34526.297,353.34573,0,5,0,0.023863606,0
10.27765369,54.44932413,62208.984,59096.938,2297.8726,147.61563,114.34953,4.3038616,14.706758,11.331446,0,0,0,4927.3213,271.8385,1,5,7748,18.59976,0
13.17765369,54.74932413,109833.76,103958.79,47701.789,148.68196,115.15289,56.640598,32.901543,10.615069,1,0,0,3364.7336,295.138,265.03,5,2620,12.854,0
11.67765369,57.14932413,39650.875,16804.283,324.55444,148.76422,52.20509,6.3163199,37.645588,9.9563885,0,0,0,2135.3164,260.6124,216.27,5,585,33.468815,0
15.97765369,55.24932413,159054.19,304970.03,148024.67,148.84741,248.74072,110.0296,92.765305,8.2520313,0.5,1,1,2691.396,145.02663,230.00999,5,156,16.837831,0
11.97765369,57.14932413,25822.617,18838.406,177.18932,148.90123,53.921108,5.9880953,52.118267,9.1599655,0,0,0,2231.4619,251.17621,1303.01,5,416,34.034721,0
12.07765369,57.14932413,29745.201,23124.568,165.59966,149.12383,57.910995,6.5130844,25.921385,10.050118,0,0,0,2511.3354,269.09277,693.90997,5,2,30.97975,0
14.37765369,55.04932413,92064.016,73630.5,48584.766,149.80807,104.90226,44.669182,41.614662,10.342471,1,0,0,2975.2656,251.25906,17.5,5,95,13.685528,1
21.07765369,54.94932413,85321.859,58304.363,21511.748,149.83482,92.306137,35.879536,3.0721133,10.787992,0,0,0,34291.902,353.69016,0,5,0,0.022872815,0
10.77765369,56.74932413,84540.602,76226.336,2.5333333,149.94937,110.95153,1.6134192,11.513894,10.704664,0,0,0,2974.9226,286.68228,0,5,56,27.235929,0
10.67765369,56.64932413,84540.602,76226.336,2.5333333,149.94937,110.95153,1.5286422,7.5573101,10.766012,0,0,0,3810.0564,294.03009,4.2399998,5,80,26.10881,0
10.87765369,56.74932413,84540.602,76226.336,2.5333333,149.94937,110.95153,2.0039649,10.112204,10.842447,0,0,0,2849.2488,284.56891,4.9200001,5,508,27.201069,0
20.97765369,55.04932413,84711.523,58261.555,21129.959,150.05446,92.671967,35.811588,4.9161458,10.702891,0,0,0,31921.811,351.77496,0,5,0,0.027901947,0
10.47765369,55.74932413,54461.234,29651.129,415.09503,150.13623,69.566666,10.026945,20.71541,10.336811,0,0,0,3121.832,252.92961,1.97,5,375,26.641106,0
14.67765369,54.64932413,175187.36,157086.7,132663.78,150.1705,106.263,59.897076,46.973587,8.2998457,0,0,0,3032.4741,228.31876,512.27002,5,230,10.523787,0
10.27765369,54.64932413,126344.97,121713.05,726.11121,150.65244,127.4914,3.1637952,20.143032,10.539245,1,0,1,2574.1921,238.06461,9.5600004,5,101,21.343672,0
19.97765369,55.44932413,55746.992,20212.684,6529.6216,150.78583,29.755287,4.0168009,74.408691,6.8937745,0.5,0,0,2538.853,147.145,63.150002,5,142,10.468219,0
14.07765369,54.94932413,145028.06,119590.18,89827.664,150.81888,102.38084,52.409103,45.477959,10.330946,1,0,1,3284.4502,237.22391,13.49,5,334,15.382411,0
20.17765369,55.84932413,76445.914,62453.445,40967.379,150.83415,91.321815,37.502861,56.02446,6.3390536,0,0,0,2387.0828,265.91351,170.12,5,58,8.1492748,0
11.57765369,57.14932413,42385.172,24534.797,576.54395,150.95618,55.941956,7.1359653,41.914074,9.8682928,0,0,0,2136.7988,257.19467,369.73999,5,5324,33.73605,0
12.07765369,57.04932413,41878,36048.035,160,151.34291,57.56982,7.0437994,50.055592,9.3282557,0,0,0,2243.4829,251.32681,1264.79,5,126,33.753735,0
14.27765369,55.14932413,79024.383,71443.93,32532.334,151.77213,107.09798,39.903534,46.689369,10.20161,1,0,0,2822.0464,226.91779,93.059998,5,3534,15.426722,0
21.17765369,55.24932413,91023.508,60324.016,24455.416,151.80627,93.711754,37.400894,3.0721133,10.651795,0,0,0,33000.262,352.97977,0,5,0,0.022829784,0
11.67765369,57.04932413,47111.254,9427.0332,88.355553,151.91055,48.717903,5.6764488,60.785187,9.4347649,1,0,0,2122.415,251.51259,1258.62,5,7639,33.801231,0
11.87765369,54.54932413,65983.797,58871.621,4569.4297,153.87325,108.33569,2.1203485,5.2946014,11.305815,0,0,0,4045.9043,311.15527,1.38,5,2,12.687697,0
20.87765369,55.24932413,85365.5,59087.121,21194.258,154.05737,95.550606,36.142685,6.1308646,10.099788,0,0,0,10137.729,335.21713,0,5,1,5.7051497,0
13.97765369,54.94932413,134044.5,124662.98,83730.398,154.71127,112.79119,61.143414,46.155224,10.332182,1,0,1,3249.7837,234.10146,59.220001,5,2305,15.903485,0
10.47765369,55.94932413,101276.47,59214.699,687,155.29329,79.478294,9.2773705,18.581305,10.480806,0,0,0,2831.6213,265.88199,8.0799999,5,513,26.19445,0
10.57765369,56.04932413,101276.47,59214.699,687,155.29329,79.478294,9.2773705,20.88175,10.525233,0,0,0,2686.4592,270.05963,29.780001,5,593,26.52701,0
10.67765369,55.94932413,101276.47,59214.699,687,155.29329,79.478294,9.2773705,12.876235,10.787671,0,0,0,2639.2847,283.00488,30.84,5,16,23.86729,0
14.37765369,55.14932413,148112.95,131803.17,88762.477,155.68144,108.14523,78.888405,43.902695,10.289912,0.5,0,0,2795.9602,239.35225,113.9,5,8299,14.701681,0
12.17765369,54.54932413,66436.07,53449.621,5560.5312,155.73875,101.0471,10.907398,16.548031,10.82864,0,0,0,3560.418,290.47021,0.41999999,5,1452,15.45111,0
12.17765369,56.84932413,39962.301,29950.35,3229.6667,156.06247,69.998108,14.283668,38.175602,9.4373732,1,0,0,2223.6958,248.66057,1163.97,5,135,33.713112,0
19.17765369,54.74932413,173014.91,19009.299,5832.7456,156.49893,27.267176,196.54936,100.68172,7.4951048,0.5,0,0,3663.7336,142.69701,301.98001,5,166,12.061781,0
20.07765369,55.84932413,119836.25,104331.7,63897.699,156.58145,101.81799,56.949257,63.209061,6.3752637,0,0,0,2401.5061,228.42221,81.269997,5,43,8.7065458,0
11.87765369,57.04932413,34731.438,14525.147,139.54286,157.6176,51.359177,6.4356966,45.797825,9.3398638,1,0,0,2148.282,246.83524,617.21002,5,21,33.854584,0
10.37765369,56.04932413,100289.61,54093.059,673.04218,158.55711,78.353737,9.4664278,15.891905,10.668191,0,0,0,3014.9167,267.13834,0,5,72,26.299507,1
14.17765369,55.04932413,117519.85,82195.898,45806.148,158.67589,110.96273,46.494354,47.782032,10.27023,1,0,1,3143.875,232.22011,71.339996,5,2629,15.787614,0
11.67765369,54.34932413,28435.801,26080.934,56,159.07733,117.37527,13.488252,25.14654,10.506776,1,0,1,3380.9973,241.49937,93.449997,5,310,20.693047,0
14.27765369,54.94932413,120708.91,83086.617,46905.785,159.24782,111.2829,45.734734,37.822586,10.294513,1,0,1,3280.7351,259.71628,1.63,5,70,12.893946,1
10.17765369,54.64932413,120143.13,117343.66,397,159.31882,125.65804,4.2387848,20.862783,10.463502,1,0,1,2711.4155,233.41542,135.81,5,45,21.15414,0
10.47765369,56.04932413,101191.37,57388.836,668.63354,159.4682,81.047531,9.2773705,11.256323,10.506429,0,0,0,2833.4385,268.88092,0.79000002,5,3772,26.623974,1
14.07765369,55.04932413,144695.36,121581.4,75231.586,159.8795,118.27752,65.853653,47.077709,10.209389,1,0,1,3168.844,228.66086,71.349998,5,3829,16.090891,0
15.27765369,55.54932413,152935.91,123950.4,58031.633,160.02029,119.50881,65.779366,74.065178,8.833251,1,1,0,2555.5051,177.48035,212.53999,5,4271,15.452308,0
10.27765369,54.74932413,63425.934,61956.332,113,160.07541,127.48785,4.5511489,23.038397,10.263505,1,0,1,2573.2358,232.15915,343.28,5,136,21.675791,0
11.07765369,54.04932413,64928.602,58909.867,4722.6665,160.22176,106.41776,13.270638,20.88151,10.91582,0,0,0,3803.9456,179.20692,46.93,5,630,19.624371,0
11.17765369,54.04932413,64928.602,58909.867,4722.6665,160.22176,106.41776,13.270638,20.880562,10.976529,0,0,0,3555.1641,187.10637,28.98,5,2431,19.301882,0
10.97765369,54.04932413,66630.414,60677.633,5131.6401,160.22176,106.41776,13.270638,22.458158,11.008202,0,0,0,4616.1812,194.57603,67.699997,5,112,19.060083,0
11.27765369,54.14932413,120334.98,116463.37,18037.699,160.22176,106.41776,19.458393,23.403286,10.613687,1,0,0,3458.178,222.97983,14.06,5,1019,19.256046,0
12.17765369,56.94932413,41793.727,31744.225,1547.7897,160.37982,67.672813,9.0841045,33.585377,9.5455484,0,0,0,2358.386,253.10562,2007.16,5,222,33.282616,0
14.17765369,54.94932413,134597.66,89490.266,50398,161.02342,115.03199,49.858013,43.231304,10.348453,1,0,1,3329.8293,246.6591,10.16,5,123,14.278907,1
14.17765369,54.84932413,183146.8,154963.88,120326.64,161.02342,115.03199,65.404968,32.628708,10.231307,0.5,0,1,3515.2061,288.66434,3.26,5,7,10.836599,1
14.27765369,55.04932413,127662.45,82504.32,50600.301,161.21007,109.62627,44.527058,46.654408,10.319687,1,0,1,3071.0142,235.35098,33.5,5,103,15.206907,0
12.17765369,56.24932413,40285.199,24609.467,99.666664,161.66939,68.925369,5.0408764,28.469074,10.040938,0,0,0,2250.0125,234.91975,65.800003,5,597,32.694633,0
12.27765369,54.54932413,64867.297,52967.078,6026.6641,162.24419,110.60029,12.02185,22.678526,10.772082,0.5,0,0,3698.157,288.38507,24.299999,5,2245,15.836581,0
13.97765369,54.84932413,155399.17,151915.09,123251.36,162.57048,124.10542,71.247032,41.651966,10.481025,1,0,1,3283.6853,252.13618,51.099998,5,93,14.369035,0
16.07765369,55.24932413,215227.02,275832.78,184943.92,163.45912,214.31546,126.02987,89.709877,8.2918816,0.5,1,1,2679.7451,146.35654,148.50999,5,63,16.598501,0
11.27765369,55.84932413,72047.117,42056.074,257.8129,163.92403,80.312332,7.2535529,11.525171,11.115967,0,0,0,2521.7375,287.00705,0.079999998,5,0,20.776413,0
12.17765369,54.34932413,61440.535,47351.289,9319.0801,164.89421,96.171074,11.196778,16.41041,11.01732,0,0,0,3780.6914,288.39746,58.009998,5,83,16.130285,0
10.47765369,54.64932413,104303.73,98379.469,1460.6666,165.91364,128.1066,15.808372,18.577971,10.631002,1,0,1,2599.3372,257.36362,1.01,5,47,21.563761,0
10.37765369,55.94932413,99144.203,46018.672,662.59106,166.10625,75.428658,9.5035267,8.5185194,10.78086,0,0,0,3098.8088,279.04324,6.52,5,43,24.363155,0
15.97765369,55.04932413,100435.56,153537.72,137813.23,166.51631,219.97307,1286.4253,83.909378,8.3644505,0.5,1,1,2704.4185,159.18889,393.63,5,393,15.981103,0
13.87765369,54.74932413,142535.86,139810.8,126390,166.63844,132.79771,83.56955,39.61327,10.577905,0.5,0,1,3502.1021,270.41751,91.959999,5,244,13.218123,0
10.97765369,55.14932413,79417.523,69630.883,103.49518,167.66805,104.63409,5.276556,26.495628,10.10919,1,0,0,2901.8413,263.3125,394.41,5,68,25.723047,0
10.37765369,55.64932413,78414.891,24738,389.60001,167.90759,62.1474,7.9187651,20.384602,10.442709,0,0,0,3087.1523,244.54375,204.5,5,194,26.762938,0
11.97765369,56.34932413,161861.58,46883.266,3707.4666,168.1351,54.054855,4.0321484,31.56605,10.0303,0,0,0,2107.3352,233.2292,1351.1899,5,320,32.878418,0
11.77765369,56.34932413,161861.58,46883.266,3707.4666,168.1351,54.054855,6.9272466,23.458117,10.557957,0,0,0,2117.0005,259.75595,95.489998,5,54,29.882601,0
11.97765369,57.04932413,17511.033,10798.667,107.33334,169.93274,58.405876,6.971293,52.187084,9.2198801,0,0,0,2155.6257,248.39299,1234.89,5,700,33.978844,0
13.77765369,54.54932413,121475.41,114346.4,60601.332,169.96767,142.29089,62.387482,20.86282,10.857931,0.5,0,0,5942.7529,289.40768,319.42001,5,2314,10.30022,0
15.47765369,55.54932413,246645.59,84859.266,45576,170.98586,82.056229,37.83268,73.070221,8.8710918,1,1,0,2577.6184,169.70152,263.32001,5,215,15.180739,0
11.77765369,56.94932413,60328.668,7306.2334,41.866665,171.19783,48.271957,6.376225,50.105732,9.546834,1,0,0,2086.9846,243.75031,1142.5699,5,2640,33.625511,0
19.27765369,55.04932413,88565.164,8366.6475,2142.3577,171.99033,17.976713,5.7547097,101.81475,7.5210543,0.5,0,0,2703.9163,130.54172,198.06,5,123,12.088459,0
13.27765369,54.74932413,121208.64,116383.24,59574.008,172.22824,135.09657,54.735195,38.400471,10.60909,1,0,0,3516.4473,287.8905,39.950001,5,1848,13.426001,0
11.07765369,55.94932413,77347.539,56185.52,355.32355,173.46223,95.288406,8.5020437,25.698988,10.381889,0,0,0,2535.2034,266.2392,14.1,5,1795,27.702272,0
9.677653694,55.34932413,87881.266,21486.133,693,174.15166,74.532669,7.4380069,6.3742003,11.375641,0,0,0,5867.7422,288.53802,7.0900002,5,7,18.351145,0
9.777653694,55.34932413,87881.266,21486.133,693,174.15166,74.532669,9.2863302,11.523329,11.38933,0,0,0,4670.6294,286.76346,7.23,5,2,18.307859,0
19.27765369,55.14932413,87484.492,8544.0518,1410.5376,175.45784,18.459675,2.1119549,97.276871,7.368711,0.5,0,0,2675.8313,134.42451,152.46001,5,166,11.83726,0
11.37765369,56.04932413,92814.008,54144.312,331.59204,175.66592,84.739349,6.3667283,20.159393,10.598223,0,0,0,2339.0198,250.07217,14.24,5,110,30.507336,0
12.07765369,56.94932413,50420.777,28412.393,1044.3402,176.26207,65.702087,8.8440418,33.689072,9.4820757,0,0,0,2205.2212,253.13841,1393.78,5,550,33.718464,0
15.57765369,55.54932413,119381.78,36542.715,24215.5,176.46863,63.329937,32.546177,71.224876,8.8420668,0.5,1,0,2606.3882,166.83592,143.89,5,117,15.142693,0
15.57765369,55.44932413,172096.19,56556.086,33063.309,176.46863,63.329937,36.018974,77.889771,8.5430984,0.5,1,1,2589.5415,161.72948,386.28,5,381,15.961382,0
14.07765369,54.84932413,163024.69,149456.27,118769.45,176.80864,139.98109,73.101456,38.504612,10.376281,1,0,1,3412.04,263.66174,0,5,86,13.050449,1
13.97765369,54.74932413,151219.42,148475.09,106939.84,176.82826,147.21762,73.305275,35.956718,10.476035,0.5,0,1,3593.6277,276.93893,4.0300002,5,1915,12.140549,0
11.57765369,57.24932413,57735.566,32218.334,856,177.55765,60.419468,6.2973027,65.433006,8.9997311,0,0,0,2144.291,253.15677,1115.5,5,4191,34.319035,0
10.47765369,55.84932413,58365.434,23862.732,127.8,178.49715,87.625191,10.664929,18.590469,10.455243,0,0,0,2949.7095,264.31604,6.6999998,5,1626,25.873528,0
12.27765369,56.84932413,47276.672,33752.387,1509.2119,179.30794,76.304443,8.9648981,26.190569,9.9079437,1,0,1,2431.6904,254.3936,1168.35,5,85,32.070488,1
11.97765369,56.74932413,22281.566,16573.166,1302,179.67438,69.252853,7.5591865,35.327431,9.6621752,0,0,0,2085.9087,244.09929,926.87,5,424,33.444839,0
11.77765369,56.74932413,22281.566,16573.166,1302,179.67438,69.252853,9.6254778,22.663681,10.325869,0,0,0,2038.3306,253.34262,1294.75,5,46,32.925343,0
10.17765369,55.64932413,106559.03,18001.617,1121.35,180.87186,59.576023,9.7817497,17.642612,10.56718,0,0,0,3345.9675,261.60001,0,5,1580,24.816523,0
13.07765369,54.84932413,111899.62,104313.05,42749.039,181.3356,135.87947,41.26302,41.752941,10.559958,1,0,1,2947.5574,284.52615,28.540001,5,2375,13.437372,0
15.07765369,55.44932413,175543.94,196762.16,91567.031,181.50932,234.39311,95.177139,74.931419,8.9528809,0.5,1,0,2581.8647,187.48775,301.88,5,368,15.671891,0
13.57765369,54.74932413,152058.44,146423.33,55273.484,181.77748,147.57539,57.321312,41.763798,10.549019,1,0,1,3543.5847,280.35831,310.95001,5,1517,13.72831,0
10.87765369,55.94932413,99221.516,54993.215,98.633331,181.86517,92.719521,4.5403938,18.615583,10.304934,0,0,0,2556.2529,265.18506,13.92,5,270,28.036434,0
13.87765369,54.84932413,164411.06,163620.73,112538.27,182.43504,151.21205,77.413521,43.32719,10.519737,1,0,1,3286.2207,249.53622,102.14,5,574,14.96514,1
10.87765369,55.44932413,65215.434,54705.832,1372.5333,183.14716,94.996956,8.5379496,32.984722,9.7234621,0,0,0,2855.9658,248.20894,171.11,5,416,28.575872,0
15.27765369,55.34932413,152721.94,140984.94,14848.533,183.24454,151.88286,27.476458,80.422203,8.7917519,0.5,1,1,2573.5725,185.65347,211.75999,5,96,15.63244,0
10.77765369,56.04932413,103925.98,67309.555,498.25162,183.51169,97.828972,9.7021751,20.742807,10.426739,0,0,0,2604.3545,265.37665,13.4,5,146,27.902037,0
12.37765369,56.74932413,59560.035,43636.199,438.66666,183.66322,74.949989,7.1798735,26.501497,9.8799429,1,0,0,2350.2998,247.79999,889.07001,5,60,32.640297,1
13.57765369,54.84932413,141218.69,134399.42,50096.004,184.43484,149.75829,52.496536,45.23077,10.486252,1,0,1,3107.7097,247.92213,450.35001,5,1035,16.003386,0
14.07765369,54.74932413,251805.67,247557.53,219220.67,184.55009,153.62157,78.708954,28.658052,10.109471,0,0,1,3690.1023,295.45749,4.6199999,5,249,10.201083,0
13.87765369,55.04932413,227445.64,225491.5,159705.56,184.71539,138.60265,72.097305,45.865917,10.209725,1,0,1,3165.8716,222.80264,47.400002,5,1673,16.425755,0
10.97765369,55.94932413,89400.867,63286.883,375.50562,185.12578,101.27208,7.8196158,31.335033,10.284084,0,0,0,2541.3071,262.5777,3.79,5,296,28.820015,0
12.27765369,56.74932413,49187.215,34745.492,1059.8224,185.37975,77.951683,9.132555,33.935314,9.5237055,1,0,0,2227.7737,243.87863,1165.58,5,151,33.513634,1
11.37765369,57.54932413,74567.531,54426.465,143.33333,187.96664,72.598618,9.0128956,48.943787,9.6503887,0,0,0,2318.5571,270.18823,1961.6,5,958,33.887646,0
11.17765369,57.54932413,74567.531,54426.465,143.33333,187.96664,72.598618,5.056365,43.795742,9.8867931,0,0,0,2320.5366,269.41937,708.88,5,3053,33.578007,1
11.47765369,57.24932413,71262.023,23950.641,542.93335,188.5004,58.488373,9.1596327,60.867535,8.984396,0,0,0,2162.6084,253.85652,1091.6899,5,593,34.311417,0
11.47765369,56.14932413,116380.21,64920.867,447.71381,189.21097,88.065102,4.9106092,20.871675,10.519606,0,0,0,2237.1587,259.07193,22.129999,5,57,30.760746,0
13.27765369,54.84932413,137433.55,130961.97,73507,189.60451,154.15613,50.067116,43.890236,10.540642,1,0,1,2980.3474,260.62344,47.369999,5,282,15.345147,0
13.47765369,55.04932413,139127.47,112604.4,23478,189.6796,142.83319,38.200867,43.925198,10.361581,1,0,1,2967.9302,239.13133,33.389999,5,91,15.932768,1
13.47765369,54.94932413,141045.27,130791.86,46250.305,189.95743,151.6489,53.756264,46.721264,10.34996,1,0,0,2991.0396,232.40857,25.43,5,1154,16.858015,0
12.57765369,56.54932413,97711.531,39010.816,535.40002,190.04579,81.447685,6.5724778,21.947001,10.188976,1,0,0,2679.582,236.07552,15.56,5,670,31.902716,0
13.57765369,54.94932413,146513.28,138818.56,49941.332,191.09822,154.57301,51.114338,46.94482,10.363569,1,0,0,3100.9592,234.44771,58.889999,5,7342,16.873325,0
10.47765369,54.74932413,135336.66,129896.98,5552.9771,192.03526,152.97032,6.2738066,20.871244,10.500548,1,0,1,2657.6978,268.52359,371.38,5,182,20.667988,0
11.67765369,56.74932413,69563.609,25416.414,731.04443,192.81982,65.342186,7.2054095,14.780635,10.966678,0,0,0,2053.3142,268.4061,501.54001,5,4,30.414804,0
11.27765369,55.04932413,92027.57,23451.09,897.83331,194.36348,75.372581,8.2717724,11.525682,11.183223,0,0,0,3189.2437,290.53992,4.3000002,5,119,18.258095,0
11.87765369,56.64932413,56441.766,27070.633,1931.5,194.93309,72.707321,11.108907,31.195974,10.065606,0,0,0,2041.7119,245.75183,724.67999,5,2843,32.917179,0
10.27765369,55.64932413,125953.9,28296.1,839.70001,195.53909,65.611572,9.3630342,18.083679,10.549275,0,0,0,3123.4097,254.68124,0.23,5,380,25.391426,0
12.07765369,56.84932413,54822.109,29140.66,1374.6555,195.78378,72.694412,9.4873028,38.542698,9.491869,1,0,0,2156.1265,250.24623,1262.46,5,397,33.665901,0
15.17765369,55.54932413,180793.03,134978.7,85851,196.23526,246.8689,109.54998,77.269089,8.7732821,1,1,0,2564.5833,176.95045,280.89001,5,672,15.747885,0
15.97765369,54.74932413,209966.16,104365.93,92390,197.63438,106.30057,70.788055,49.967525,8.0112391,0,0,0,2587.562,250.63815,52.599998,5,1206,10.892251,0
10.37765369,54.54932413,174325.55,166424.72,1187.8826,197.66331,160.26251,5.4347415,16.390238,11.000278,0,0,1,2654.2246,262.44919,39.66,5,59,19.794312,0
17.57765369,55.34932413,401904.03,316926.81,294005.16,197.87788,73.691734,1467.0659,75.958046,7.8659401,0.5,0,0,2994.6682,194.0304,152.08,5,31,12.767349,0
13.77765369,54.84932413,160554.89,153512.22,79641.875,199.15541,158.88776,65.374626,43.899727,10.557628,1,0,0,3222.927,246.5845,52.700001,5,97,15.429113,1
12.07765369,56.64932413,52740.312,27795.578,1336.5555,199.23096,77.330681,10.907226,29.891882,9.9945993,0,0,1,2069.8455,254.6783,550.08002,5,178,32.517338,0
11.67765369,56.54932413,102629.51,43579.891,1379.3837,199.26477,74.458221,8.6609058,32.068321,10.185417,0,0,0,2055.1824,232.25038,1386.41,5,3359,33.029831,0
11.57765369,56.14932413,130530.48,64502.684,734.33673,199.55672,86.934311,5.4798074,20.867641,10.612825,0,0,0,2205.3892,260.55359,149.09,5,36,30.85203,0
12.37765369,56.64932413,74643.062,40237.566,441.5321,199.74651,84.580589,9.0854445,29.947937,9.6725912,1,0,0,2262.2166,241.06879,1039.5601,5,46,33.202072,1
12.07765369,56.74932413,50008.062,26600.26,1309.9623,199.79027,75.789726,9.7074728,37.424141,9.5117636,1,0,0,2107.9778,245.20023,1160.83,5,168,33.564758,0
11.77765369,56.64932413,71902.484,29998.301,1539.5176,200.12311,71.272949,10.847465,38.008331,10.060144,0,0,0,2046.2972,241.08701,1380.65,5,3155,33.16227,0
11.47765369,54.44932413,170680.47,163865.2,15484,200.93921,166.3793,20.219707,25.998327,10.407873,1,0,1,3338.3176,266.19946,164.37,5,5313,20.555536,0
15.17765369,55.64932413,150565.89,171302.22,50749.5,201.04082,236.85794,94.354645,68.748428,8.8825836,1,0,0,2509.1047,189.19539,121.06,5,242,14.607035,0
11.07765369,55.14932413,115827.03,105403.82,86.333336,201.04938,128.90608,5.5383129,22.403448,10.192713,1,0,0,2965.3777,266.09885,12.35,5,10372,24.537655,0
19.87765369,55.54932413,65325.699,23658.76,6678.3062,201.19196,37.936951,10.598592,85.52652,7.0127454,0,0,0,2323.5508,127.61301,57.790001,5,448,10.980065,0
13.77765369,54.64932413,161345.94,144626.94,117810,201.5392,155.06726,90.615234,28.320499,10.661042,0.5,0,0,4152.9175,287.35776,468.54001,5,711,11.673969,0
13.37765369,54.94932413,155379.19,146939.89,64107.434,201.85208,161.08575,60.442444,46.075832,10.381699,1,0,0,2898.364,233.21481,7.3400002,5,403,16.618382,0
13.77765369,54.94932413,158358.94,144430.55,65135.406,202.53482,153.76904,60.220516,46.868282,10.403288,1,0,1,3233.7219,231.13675,52.07,5,218,16.534731,0
11.57765369,56.44932413,142134.64,67018.656,738.64801,202.61423,85.003456,5.8360491,26.052898,10.437109,0,0,0,2109.0159,234.62831,669.59003,5,4987,32.496769,0
11.77765369,56.44932413,122710.4,44878.91,2226.4771,203.06833,72.83773,9.0839453,28.273748,10.319207,0,0,0,2067.8745,239.86452,1179.42,5,223,32.568253,1
13.47765369,54.84932413,188873.53,182130.2,63198.332,204.08482,164.95354,56.001877,45.221794,10.465236,1,0,1,3083.3052,248.78242,224.49001,5,1547,16.034927,0
11.17765369,56.14932413,114222.23,58821.805,383.31235,204.20821,89.642685,8.7673874,23.269468,10.525244,0,0,0,2395.834,270.22784,35.5,5,1,28.557074,0
11.07765369,55.34932413,121550.93,105369.63,100.35258,204.37543,122.87586,5.8755474,20.916067,10.016425,0,0,0,3005.7549,259.97617,1086.41,5,0,25.816647,0
10.57765369,54.54932413,129356.91,117362.02,4993.7666,204.38106,145.21431,7.6088877,16.53912,10.866034,0,0,1,2595.4602,270.18512,80.480003,5,1960,20.609035,0
11.67765369,56.34932413,140991.44,55509.391,1619.1703,206.65538,78.569313,7.3091226,24.659922,10.523095,0,0,0,2145.4402,246.89056,37.849998,5,179,31.184221,1
15.97765369,55.74932413,760491.81,51723.344,48580.477,207.18658,88.655678,74.912773,64.199493,8.1650267,1,0,0,2516.9683,182.25035,64.830002,5,1599,13.497178,0
11.47765369,54.24932413,187517.77,184135.33,4446.6665,207.20517,191.89388,41.721233,23.217249,10.353918,1,0,1,3537.5005,246.84189,236.84,5,67,19.846106,0
11.47765369,54.04932413,187517.77,184135.33,4446.6665,207.20517,191.89388,1851.7235,5.0678153,11.443552,0,0,0,6821.5488,293.47549,13.74,5,7,14.238007,0
11.47765369,57.14932413,83908.414,26521.143,633.33331,207.29149,60.708015,8.3781538,43.809586,9.7413826,0,0,0,2209.0957,256.94904,520.67999,5,97,33.757786,0
11.07765369,56.14932413,117869.78,57088.004,590.34253,207.54831,92.761513,10.05968,23.495001,10.384422,0,0,0,2448.3064,260.86749,29.629999,5,1220,29.722397,0
12.17765369,56.74932413,45337.398,29245.467,146.66667,207.82672,86.5774,5.063952,38.569778,9.4098663,1,0,0,2142.0251,245.27377,1132.87,5,1931,33.699173,0
19.17765369,54.54932413,234435.14,51265.199,4809.2002,207.98645,59.934216,12.686546,76.317894,6.9232931,0,0,1,4467.8955,176.94748,764.28003,5,29,10.636819,0
11.97765369,56.64932413,66327.477,28394.453,1754.5333,208.06665,73.279816,10.154482,29.625704,10.116785,0,0,0,2051.9211,252.50638,26.84,5,52,32.546162,0
13.17765369,54.84932413,170394.52,160688.44,49542.332,208.07559,158.1516,59.456501,43.596771,10.55896,1,0,1,2952.9224,273.55008,38.18,5,2671,14.472791,0
15.97765369,55.54932413,335611.34,215555.58,165277.8,209.91939,165.14316,108.20598,80.231728,8.4551783,0.5,1,0,2709.1318,149.46066,88.489998,5,141,16.029062,0
11.77765369,56.54932413,90601.969,37568.102,2561,210.19179,76.161789,14.135742,32.815132,10.092674,0,0,0,2047.5887,233.20647,1413.23,5,278,33.010857,0
19.17765369,54.64932413,248232,9870.9336,9600,210.29141,15.804881,11.710542,87.146278,7.244894,0.5,0,1,3917.6577,153.50424,427.06,5,61,11.499763,0
19.17765369,54.84932413,248232,9870.9336,9600,210.29141,15.804881,8.2788467,105.41385,7.6093283,0.5,0,0,3166.6516,136.85661,169.62,5,163,12.239717,0
12.17765369,56.14932413,118688.12,95279.922,39622.684,211.17621,123.80111,30.766825,15.707269,10.633623,0,0,0,2458.4939,253.4919,15.41,5,1043,29.508726,0
10.77765369,54.54932413,132966.66,112227.68,1711.3466,211.58691,135.94917,8.1567631,20.847582,10.701678,1,0,1,2734.0259,271.47928,16.389999,5,5180,21.347876,0
13.67765369,54.94932413,127730.63,116343.34,23716,211.92113,157.19168,52.713364,46.96455,10.396273,1,0,0,3188.1396,233.96716,90.080002,5,1772,16.749756,0
10.97765369,56.14932413,120993.81,67383.883,749.69354,212.48894,103.30463,11.024342,22.489155,10.362769,0,0,0,2495.604,258.72717,313.54999,5,106,29.891993,0
13.67765369,54.74932413,176943.61,167886.45,77364.719,212.56827,174.55153,66.29319,41.697849,10.554129,1,0,1,3488.0957,272.77515,339.64999,5,516,13.974475,0
10.87765369,56.14932413,120918.31,77320.352,797.65222,213.02303,113.84055,11.241977,16.553324,10.4519,0,0,0,2544.4089,263.40588,26.620001,5,9,28.801767,0
13.37765369,54.84932413,150104.33,146931,80885,213.51776,175.26593,74.898987,45.033691,10.487845,1,0,1,3029.0698,249.86111,98.410004,5,4707,15.929999,0
13.77765369,55.04932413,152655.7,132159.64,60381.211,214.3983,155.43094,58.142803,45.758205,10.24324,1,0,1,3139.0508,222.78288,58.200001,5,91,16.596468,0
10.47765369,54.54932413,152430.09,146894.39,4977.8003,214.44269,162.31058,6.5473285,17.787804,10.976693,0,0,1,2592.845,263.93924,46.919998,5,141,20.262598,0
13.87765369,55.14932413,140665.67,118334.57,44590,214.80479,170.94139,78.96167,43.921398,10.156052,1,0,0,2982.8662,229.42839,66.209999,5,3869,15.102691,1
11.47765369,54.94932413,115306.09,18792.572,1235.2982,214.95981,65.602898,10.809131,4.1350942,11.349874,0,0,0,3895.0391,314.03293,0,5,0,14.033806,0
11.77765369,56.84932413,83099.492,20497.982,544.26666,215.89938,61.920879,7.8478432,45.583515,9.8277779,0,0,0,2042.8524,247.12112,876.48999,5,7652,33.446041,0
15.07765369,55.54932413,3725.9312,252675.3,127320.77,216.04306,408.40854,292.90384,81.250404,8.7365417,0.5,1,0,2569.7136,177.98929,375.20001,5,2904,15.85613,0
12.17765369,56.64932413,60712.672,43546.152,1974.7822,216.11992,90.056831,10.874399,43.859745,9.5401516,1,0,0,2096.9048,245.15738,1337.54,5,570,33.39344,0
18.97765369,54.64932413,178386.77,67753.156,13908.848,217.15977,98.233673,51.992901,82.324249,7.0359044,0.5,0,0,5534.1865,182.12029,1056.72,5,534,11.009002,0
11.57765369,55.04932413,117859.75,16325.587,1261.4744,217.46066,62.745964,11.088762,10.104771,11.594843,0,0,0,3928.0151,297.99731,0.52999997,5,47,15.910322,0
11.37765369,54.14932413,164808.89,161983.36,19198.709,217.63573,181.84122,823.81879,23.067297,10.585602,1,0,0,3597.7007,224.53969,37.84,5,448,19.251711,0
11.27765369,55.14932413,118355.28,16188.9,1268.45,217.90373,62.50375,11.088762,14.69287,10.911769,1,0,0,3383.4465,281.45624,2.1900001,5,794,20.197948,0
11.37765369,55.04932413,118355.28,16188.9,1268.45,217.90373,62.50375,11.088762,11.525805,11.277317,0,0,0,3355.6536,294.16663,1.23,5,485,17.441034,0
15.87765369,55.24932413,183432.83,228201.98,187004.22,218.14226,276.87851,155.47346,96.008469,8.2195396,0.5,1,1,2691.1096,146.61069,235.14999,5,96,16.903631,0
11.17765369,56.24932413,136339.25,63980.027,433.53333,218.20099,91.358185,6.5208049,17.987209,10.476346,0,0,0,2343.7598,271.73309,4.0799999,5,34,28.008537,0
15.07765369,55.64932413,224170.3,207625.73,15648,219.43851,198.53169,29.09516,73.414635,8.8669996,1,0,0,2515.1147,191.53139,188.41,5,58,14.612963,0
13.77765369,55.14932413,304007.97,190612.62,88301.117,220.6942,170.39903,83.967697,43.920933,10.162508,1,0,0,2952.5215,230.66745,70.5,5,2962,15.326864,1
12.07765369,56.24932413,135436.45,64962.84,15825.346,220.84268,96.585335,17.861034,29.450338,10.037635,0,0,0,2184.5591,236.49615,277.64999,5,4322,32.732731,0
12.47765369,56.44932413,79609.398,70801.047,2186.4221,222.46379,103.58096,8.6511488,24.941504,9.9665585,1,0,0,2678.7068,234.88596,4.2399998,5,89,32.59856,0
11.97765369,56.44932413,130329.65,51269.395,2864.5105,222.755,79.902618,10.405033,31.857567,10.085539,0,0,0,2072.7612,240.66304,1251.67,5,4358,32.659866,0
19.17765369,55.44932413,78223.992,4387.9551,844.98322,224.18126,10.197419,1.558776,81.507423,7.052454,0,0,0,2626.9651,143.73599,85.559998,5,56,11.134839,0
20.17765369,56.44932413,283116.41,204298.58,16123.384,225.72972,157.38593,16.46554,74.154762,6.437604,0,0,0,2307.3684,182.64404,88.849998,5,98,9.9435282,0
10.97765369,56.04932413,114326.1,96175.336,796.46667,225.74702,131.00661,13.32805,18.636463,10.312487,0,0,0,2531.1387,262.06934,0.75,5,1033,29.17005,0
10.37765369,54.44932413,187945.59,181333.94,948,226.23167,186.88426,6.1027045,14.447636,11.320377,0,0,0,3063.0815,273.37006,4.98,5,262,18.834457,0
12.37765369,56.54932413,83235.562,72351.102,2200.4153,226.97607,104.82549,10.343458,33.226082,9.6365833,1,0,0,2307.4832,239.55963,454.16,5,32,33.283737,0
14.87765369,55.54932413,238457.17,180888.38,132881.36,227.43765,148.79872,103.38005,76.022568,9.0745029,0.5,1,0,2587.1165,182.00577,226.45,5,234,15.602592,0
12.67765369,55.84932413,243342.14,126547.6,84778.664,227.70926,140.0172,48.465614,14.692478,11.119836,0,0,0,3471.2095,254.86444,364.42001,5,1398,26.80583,0
13.67765369,54.84932413,177539.97,163065.19,52782.477,229.07462,185.43405,60.789696,43.903809,10.526896,1,0,0,3134.8547,247.50018,64.699997,5,411,15.779489,1
15.97765369,55.34932413,279689.47,259230.09,156699.83,229.11909,285.60944,167.18614,91.855484,8.2810907,0.5,1,1,2665.6211,143.50975,213.67999,5,56,16.808744,0
11.77765369,55.74932413,142632.28,57433.98,746.10498,231.20064,90.691689,7.8580804,4.1393552,11.144486,0,0,0,10120.074,311.76147,8.8599997,5,0,17.638117,0
15.77765369,55.14932413,151719.42,255651.81,134221.2,234.44543,493.29312,116.99476,92.109055,8.1942711,0.5,1,1,2722.3076,151.13068,398.98999,5,56,16.575855,0
14.97765369,55.64932413,241252.53,195472.98,112201.34,235.89734,189.81859,97.148514,67.931252,8.8454933,0.5,0,1,2541.8489,201.69183,301.35001,5,51,13.96361,0
11.37765369,57.14932413,110081.27,20823.949,410.66666,237.02533,60.996563,10.282913,40.601273,10.317492,0,0,0,2367.5562,268.35059,109.82,5,8,32.344318,0
11.37765369,54.44932413,210292.83,199073.33,2135.3333,237.89102,195.25999,16.234848,23.484123,10.489172,1,0,0,3356.2383,273.367,254.87,5,357,20.178549,0
12.27765369,56.64932413,82280.188,66860.82,1928.4124,239.3623,108.1572,10.362183,37.088821,9.4381676,1,0,0,2163.0415,239.79666,875.89001,5,116,33.564705,0
14.77765369,54.64932413,110173.67,87902.82,63085.914,240.82454,201.0594,152.26913,49.013496,8.2609215,0,0,0,2874.345,212.35045,472.20001,5,178,11.042866,0
10.77765369,55.84932413,162665.66,114939.45,503.55508,242.18642,124.81248,9.2141085,35.417618,10.237246,0,0,0,2618.752,262.05136,5.4699998,5,1,28.202135,0
10.57765369,54.64932413,85512.336,84203.867,20300,242.57397,174.27362,8.3184729,18.572908,10.568956,1,0,1,2642.5652,264.20532,119.3,5,45,21.668104,0
10.87765369,55.34932413,155481.27,124579.47,129.66667,242.99571,133.27611,5.0560856,29.542585,9.8275862,0,0,0,2877.9558,252.43436,33.009998,5,61,27.620964,0
10.97765369,55.44932413,126936.13,104341.51,579.2121,243.46475,153.09479,6.5470681,28.755304,9.6702948,0,0,0,2858.1448,244.99756,255.13,5,19,28.174854,0
11.47765369,57.54932413,117883.22,55297.355,3332.1665,244.21959,87.824615,12.007444,59.852634,9.0531616,0,0,0,2386.9956,267.46295,1424.6,5,1353,34.266052,0
19.97765369,55.34932413,76118.711,19249.379,6606.3081,245.46312,30.02317,8.9009743,71.300812,6.6683478,0.5,0,0,2760.8132,196.20917,179.67999,5,53,9.6714859,0
10.47765369,55.64932413,58365.434,23862.732,127.8,248.81183,175.25688,9.0496988,18.581099,10.383615,0,0,0,3293.8313,247.94795,133.94,5,118,26.956772,0
15.57765369,55.24932413,304790.06,287476.81,220864.67,250.36261,208.2921,100.15255,85.500671,8.3480921,0.5,1,1,2596.6826,169.43581,588.89001,5,58,16.202038,0
11.47765369,57.44932413,117191.77,47474.848,1637.1582,250.86952,81.405975,10.12959,58.984119,9.0978775,0,0,0,2269.95,264.8045,2200.21,5,2215,34.19994,0
12.17765369,56.34932413,131214.48,97070.758,20056.416,251.0155,123.75731,22.254797,32.393745,9.7585449,0,0,0,2181.6792,234.07997,23.360001,5,274,33.133228,0
15.67765369,55.44932413,217153.55,167814.03,141688.41,251.13615,175.09474,106.84663,87.624077,8.354372,0.5,1,1,2628.9697,152.36266,249.25,5,331,16.476475,0
12.07765369,56.44932413,128357.25,76147.547,4147.2954,251.75282,103.06256,11.723951,32.334984,10.033105,0,0,0,2107.1045,245.95752,845.84998,5,398,32.679504,0
13.57765369,55.04932413,91727.469,85066,24976,252.18579,191.19736,58.196976,44.947289,10.289511,1,0,1,3018.6135,231.37308,44.060001,5,357,16.395199,0
13.27765369,55.04932413,222650.23,216831.83,96596,254.18684,205.11748,80.658966,42.824535,10.46371,1,0,1,2934.0249,260.17664,21.860001,5,268,14.508247,0
15.27765369,55.04932413,275009.16,81153.812,59694.598,254.83659,89.702148,56.789276,74.128044,9.1388702,0.5,1,1,2679.6387,208.33153,127.14,5,48,13.756661,0
12.47765369,56.64932413,87746.211,40218.984,510.13287,255.33263,111.40527,14.45193,23.032579,9.9669704,1,0,0,2406.3032,242.24854,393.73999,5,54,32.514141,0
14.97765369,55.54932413,473300.09,472578.72,343531.66,259.53384,260.93527,112.04996,79.562775,8.8089466,0.5,1,0,2573.0271,179.34326,315.53,5,4071,15.818766,0
11.97765369,56.84932413,105870.32,33689.734,1046.6666,260.60095,75.569801,11.935661,37.027946,9.8085356,0,0,0,2125.4028,251.97394,1527.05,5,72,33.314507,1
15.57765369,54.94932413,272507.22,259181,96856.664,261.34732,229.04865,78.29789,74.768013,8.7876501,0.5,1,0,2588.0708,169.76846,516.46002,5,131,14.820511,0
19.07765369,54.94932413,139949.34,53702.863,33616.973,261.61804,75.301819,12.211659,102.12196,7.5778313,0.5,0,0,2871.2708,135.98615,226.64999,5,154,12.186064,0
11.87765369,54.34932413,130514.98,127403.88,97237.898,263.34891,227.96227,99.66143,18.581221,10.733684,0,0,0,3386.0356,268.76794,81.959999,5,1464,18.349504,0
16.27765369,55.64932413,209448.66,22265.846,17764.07,266.30026,22.719437,18.924774,69.196129,8.4542999,1,0,0,2663.4812,160.7039,43.919998,5,635,14.766039,1
13.67765369,55.04932413,200578.73,140141.06,30762.666,273.49969,199.86693,52.042973,45.426846,10.250821,1,0,1,3074.7239,225.71021,44.060001,5,160,16.629658,0
12.27765369,56.34932413,147634.55,124818.13,30823.066,278.03845,150.93329,33.143497,29.919538,9.8127737,1,0,0,2325.252,232.90935,0.66000003,5,2430,33.138607,0
10.67765369,54.54932413,242865.84,235172.28,1741.2,278.15652,161.21365,7.893436,20.871674,10.719913,1,0,1,2643.6206,265.71252,50.790001,5,7170,21.652328,0
13.97765369,55.04932413,193512.45,155012.8,93798.742,278.34238,157.47047,73.885887,46.412189,10.182786,1,0,1,3174.832,224.91644,51.240002,5,443,16.253876,0
14.77765369,55.54932413,292565.5,202745.75,120033.66,279.53873,152.29485,86.372467,70.879089,9.3724403,0.5,0,0,2603.7971,188.56136,287.48999,5,145,15.120639,0
11.47765369,57.34932413,133648.75,43828.672,733.72272,279.92816,80.75074,9.4491749,66.6287,8.9606991,0,0,0,2184.7632,259.64355,1341.54,5,5672,34.283611,0
12.27765369,56.24932413,229566.59,195223.03,95516.664,281.18942,201.40714,80.179138,26.42832,10.084091,1,0,0,2448.3193,232.85403,37.610001,5,870,32.690659,0
10.77765369,54.64932413,165257,128164.79,3095.4167,283.34567,151.93753,18.404774,27.881863,10.383068,1,0,0,2896.7759,266.59698,94.32,5,4503,23.174948,0
12.27765369,56.54932413,119634.58,103486.89,4372.4468,283.50064,133.79779,11.794171,35.24966,9.5459223,1,0,0,2200.1233,240.89381,347.70999,5,577,33.383701,0
15.87765369,55.34932413,306561.84,322757.47,221137.78,283.77759,296.07532,203.64468,95.252785,8.2503834,0.5,1,1,2646.4216,144.36803,173.10001,5,85,16.954918,0
10.77765369,57.34932413,167565.09,109904.87,1888,284.81165,134.23198,16.692616,26.421526,10.314742,0,0,0,2734.2793,272.97354,60.779999,5,124,31.414753,0
13.77765369,54.74932413,263986.31,255722.45,62681.332,286.28732,244.77002,57.4538,40.753979,10.587305,1,0,0,3488.8486,268.77762,230,5,256,13.763858,0
11.27765369,57.54932413,141156.91,67211.57,434.77777,287.103,94.212448,8.5959177,40.887585,9.8250265,0,0,0,2321.7429,269.42404,804.16998,5,1948,33.687046,0
11.37765369,54.34932413,185233.72,179714.14,13901.51,289.80072,243.04807,11.031792,20.881769,10.540669,1,0,1,3423.8616,267.46027,301.79001,5,318,19.233707,0
11.27765369,54.34932413,204492.14,198464.81,19501.666,289.80072,243.04807,16.987404,18.589235,10.886915,0,0,1,3428.2136,274.8493,287.22,5,62,17.850731,0
10.67765369,54.64932413,160960.2,106718.27,1435,290.03012,228.23285,6.2080302,21.964502,10.535335,0,0,0,2733.3665,271.23599,388.06,5,318,21.768785,0
15.27765369,55.44932413,245353.81,215003.55,41825.25,291.79926,252.96667,66.186821,74.944893,8.8451757,0.5,1,1,2561.0242,182.60234,163.25,5,423,15.647112,0
18.27765369,55.24932413,191723.73,128063.81,106407.91,293.41132,206.81203,149.90265,67.553543,7.1848831,0,0,0,2635.2549,221.26193,63.209999,5,123,11.05996,0
19.37765369,55.04932413,115244.23,9462.4727,2549.4946,295.71582,18.747778,5.405407,102.32458,7.5020614,0.5,0,0,2741.4602,128.6022,291.23999,5,118,12.061696,0
15.37765369,55.04932413,349044.12,204525.23,155129.75,297.72491,169.1255,76.816978,73.783852,9.033473,0.5,1,1,2643.2202,190.55809,99.400002,5,52,14.436502,0
13.57765369,55.14932413,194918.75,156328.62,49912.113,301.90372,227.65913,74.117775,43.770176,10.286781,1,0,0,2986.1216,243.80151,93.279999,5,1399,14.877551,1
10.57765369,55.54932413,100183.93,79537.641,60.551716,303.91785,249.79951,8.7991552,8.8009033,11.14236,0,0,0,8589.4932,290.04697,1.75,5,2,21.792076,0
15.67765369,55.14932413,285311.88,374713.31,170110.09,304.80981,375.24182,112.16904,84.518425,8.2902575,0.5,1,1,2664.5217,162.50598,399.35999,5,75,16.194214,0
11.07765369,56.24932413,212635.86,84286.797,863.20001,306.65378,108.75855,12.36404,23.494499,10.380466,0,0,0,2389.231,260.6716,335.57999,5,585,29.695866,0
15.67765369,54.94932413,261282.14,322325.47,150057.72,306.75613,299.60223,168.37122,77.007172,8.5716848,0.5,1,0,2578.0251,160.35941,512.72998,5,87,15.381844,0
20.07765369,55.04932413,92400.727,19825.17,7487.2227,310.22433,31.506907,11.637454,51.987236,7.5414643,0,0,0,3954.5566,300.62878,144.86,5,105,7.7239652,0
11.17765369,57.44932413,157314.19,70313.75,505.49405,311.15753,99.456848,9.2506084,16.494844,10.561504,0,0,0,2405.2686,276.93726,63.66,5,91,32.177471,0
10.37765369,54.64932413,279896.72,268203.88,440,311.41235,264.37878,2.1813161,20.341282,10.626307,1,0,1,2566.8352,249.748,5.1999998,5,122,21.435139,0
12.37765369,56.34932413,198111.47,174062.28,51035.832,313.97491,191.89839,990.59845,27.948488,9.9584599,1,0,0,2673.6638,233.16148,21.530001,5,206,32.877354,0
19.87765369,55.44932413,95278.891,22356.186,6864.2256,314.87762,34.201893,10.569793,84.956596,7.0182943,0.5,0,0,2464.5396,134.89027,109.47,5,172,10.936802,0
19.77765369,55.64932413,96644.867,26376.422,8163.7144,316.59363,44.753525,17.180382,83.707802,6.9370852,0,0,0,2281.7795,127.58983,35.849998,5,663,10.772532,0
13.67765369,55.14932413,222505.17,174538.59,57542.547,318.91071,239.43828,71.256599,43.919506,10.203744,1,0,0,2954.2275,237.96004,93.550003,5,2069,15.188282,1
15.47765369,55.04932413,337138.12,293724.78,146758.14,325.0787,262.96024,107.21384,73.498863,8.9407616,1,1,1,2621.394,182.44011,754.85999,5,100,14.695078,0
19.17765369,54.94932413,163758.75,33184.188,20517.729,328.66013,47.264572,32.757423,104.71657,7.5999875,0.5,0,0,2791.2913,132.37671,109.3,5,127,12.219287,0
16.07765369,55.34932413,473556.44,465743.44,296186,328.68893,288.85907,173.88501,85.546364,8.3653679,0.5,1,1,2679.2378,150.91177,123.11,5,56,16.414412,0
15.47765369,54.84932413,357343.66,212398.91,81653.336,338.03494,189.92181,68.479576,72.633873,8.8799229,0.5,1,0,2504.2947,168.67769,734.21997,5,242,14.336169,0
10.77765369,57.54932413,182418.83,132261.33,2595.6667,341.86093,165.80511,14.178247,29.034904,10.299272,0,0,0,2411.0732,271.4798,584.09998,5,216,33.026829,0
10.77765369,57.64932413,182418.83,132261.33,2595.6667,341.86093,165.80511,10.884756,25.017252,10.413529,0,0,0,2524.6104,275.77728,982.14001,5,1602,32.871468,0
19.37765369,55.14932413,121519.91,9605.4434,2220.6243,344.17987,18.762815,4.3429503,96.447708,7.3680453,0.5,0,0,2702.3557,134.10077,183.67999,5,110,11.846013,0
15.77765369,55.34932413,324053.56,314428.53,245224.09,356.73196,333.15402,217.04065,96.854691,8.2275095,0.5,1,1,2637.4709,147.63513,305.45999,5,122,16.96443,0
11.87765369,54.24932413,218481.06,216293.48,176278.89,359.99478,332.56329,211.30966,18.555445,10.850076,0.5,0,0,3776.4895,264.18405,384.23001,5,328,18.344427,0
15.37765369,55.44932413,299605.38,231712.11,32589.051,362.19135,321.66232,43.433327,74.920967,8.7482452,0.5,1,1,2533.3333,178.79251,74.900002,5,407,15.641673,0
16.37765369,55.44932413,318509.69,33090.664,28031.873,362.83282,35.583431,14.066109,65.534378,8.4652491,0.5,1,1,2625.2104,168.21718,12.12,5,541,14.649696,1
16.37765369,55.54932413,301982.34,47952.199,47833.602,362.83282,35.583431,23.462626,69.5121,8.5044155,1,0,0,2656.678,163.55159,17.379999,5,119,14.756655,1
10.77765369,55.54932413,179350.16,150683.2,556.19006,362.94174,271.76575,8.1225777,27.971085,10.000811,0,0,0,2819.155,259.6163,19.9,5,151,27.446383,0
19.97765369,55.14932413,105729.92,18802.023,6839.4023,370.93854,29.948442,10.244974,62.639748,6.4816251,0.5,0,0,2990.6621,249.72249,742,5,82,8.7846823,0
14.67765369,55.54932413,409684.97,293998.41,145946.16,371.022,255.82063,101.00989,65.462082,9.444438,0,0,0,2629.8684,201.0502,365.01999,5,116,14.172353,0
10.87765369,55.64932413,201913.23,159843.78,464.66409,383.54041,268.26868,8.4756012,19.892708,10.200504,0,0,0,2807.6716,267.84647,1.17,5,243,25.667519,0
11.17765369,57.34932413,207746.27,79996.664,726.22223,386.23938,115.82629,10.645823,6.3307495,10.984122,0,0,0,2609.5513,288.56967,34.369999,5,38,28.810101,0
14.77765369,55.44932413,387817.84,324549.59,132469.12,386.86987,289.53342,106.12846,69.931213,9.5970325,1,1,0,2613.3613,209.51599,173.7,5,2098,14.709031,0
15.87765369,54.64932413,375913.81,208941.16,180708,388.82278,205.31242,162.49767,55.143185,8.1139774,0,0,0,2576.9441,229.74918,223.97,5,53,11.605277,0
15.37765369,55.54932413,246876.38,148189.3,47433.766,391.44904,183.70502,41.551384,73.132065,8.8662701,1,1,0,2539.1418,173.31844,240.89,5,1759,15.276605,0
15.67765369,55.34932413,291144.34,254545.7,136750.58,394.15784,284.28989,158.63329,94.504532,8.2391806,0.5,1,1,2635.9644,150.68065,385.64001,5,73,16.854452,0
19.87765369,55.34932413,113527.51,20583.17,6740.9014,402.71704,31.91518,10.383718,78.726639,6.8706002,0.5,0,0,2679.5955,160.38461,83.540001,5,106,10.444572,0
15.47765369,55.44932413,266271.34,162924.31,36500.363,404.0755,323.99429,41.443924,74.921265,8.6794901,0.5,1,1,2547.3281,173.64279,195.08,5,360,15.664089,0
15.57765369,55.34932413,280148.81,218124.62,30082.916,404.0755,323.99429,38.165279,85.244789,8.3657522,0.5,1,1,2599.2017,160.71222,468.66,5,69,16.3743,0
14.87765369,55.44932413,385575.59,325472.12,194139.83,404.94897,228.55209,110.02969,69.990204,9.5073366,0.5,1,0,2620.877,205.12305,28.559999,5,3101,15.014992,0
18.37765369,55.24932413,248745.83,147853.22,107807.9,405.31256,251.03398,212.67952,79.019211,7.4045558,0,0,0,2638.4912,205.92799,80.760002,5,137,11.721893,0
19.97765369,55.04932413,114767.01,18569.725,6804.4995,406.66791,29.586451,10.395185,55.202663,7.2089591,0,0,0,4013.1423,286.00327,124.34,5,81,8.0515003,0
19.37765369,55.24932413,135296.11,9400.1924,2360.6533,416.08444,17.871189,4.295723,93.097107,7.2328963,0.5,0,0,2635.6011,128.99875,194.09,5,114,11.674441,0
11.07765369,55.54932413,220436.67,212158.48,594.76666,418.96234,336.58871,7.8570127,12.824916,10.845883,0,0,0,3105.26,288.70117,5.3600001,5,0,20.031136,0
16.47765369,55.44932413,336529.41,24756.322,15396.13,419.35013,33.669003,15.440476,56.408966,7.9216137,1,0,1,2556.3962,206.38983,0,5,331,12.179164,1
19.47765369,55.04932413,138094.45,10890.323,3210.3247,433.07339,19.98522,5.9293118,97.411026,7.406405,1,0,0,2871.5005,135.27164,386.07001,5,67,11.862975,0
16.47765369,55.54932413,341882.88,12073.28,28,433.1554,44.838779,24.92028,65.495674,8.3221025,1,0,0,2627.9792,180.00897,14.54,5,76,13.711836,1
16.37765369,55.64932413,353015.5,38949.734,25502.516,433.7981,48.378284,20.690157,65.551964,8.3502731,1,0,0,2659.1252,173.35019,0.5,5,208,14.013691,1
16.97765369,56.44932413,397955.72,9775.5996,1464.8,438.50223,24.745775,6.5448833,67.336014,5.5043941,0,0,1,2292.8914,115.21541,16.459999,5,724,9.3588829,0
16.27765369,55.74932413,405682.47,83686,55096,441.55609,91.103867,23.191105,63.712414,7.9880776,1,0,0,2575.9827,185.33452,109.99,5,2050,13.020179,0
19.77765369,55.54932413,122885.55,23288.779,7155.856,441.6344,39.29789,14.263254,87.36142,7.0341291,0,0,0,2321.6082,122.47188,40.900002,5,372,11.088505,0
14.67765369,55.44932413,448126.78,420149.12,168540,448.76355,342.32404,167.88155,69.362007,9.6173897,1,0,0,2602.2336,218.39771,391.39001,5,5827,14.181251,0
14.77765369,55.34932413,448126.78,420149.12,168540,448.76355,342.32404,139.96512,62.683037,9.6965866,1,0,0,2697.3918,253.07059,280.09,5,376,12.723474,0
19.77765369,55.84932413,168962.64,34207.578,13775.885,456.88843,49.917866,17.180382,65.470612,6.4114594,0,0,0,2400.4136,202.64214,0,5,24,9.1771402,0
18.87765369,54.64932413,464774.69,293595.78,147521.66,457.22449,233.05238,259.18274,72.925018,7.0392752,0.5,0,0,6564.0381,218.00635,1392.42,5,873,10.170842,0
19.87765369,55.24932413,126481.77,19401.512,6727.9995,458.20074,30.170382,10.077156,64.364029,6.5837626,0.5,0,0,2798.1638,214.20383,153.07001,5,86,9.4632425,0
19.37765369,54.44932413,676333.31,224042.69,61877.055,460.7504,241.67737,85.879448,58.101231,7.4214368,0,0,0,8340.3301,250.18529,102.38,5,16,8.6982231,0
10.77765369,55.64932413,185628.98,147780.59,448.2449,466.84146,344.99921,11.097644,32.394043,9.9826097,0,0,0,2749.3884,253.68169,8.6700001,5,10901,28.764687,0
18.77765369,54.54932413,620890.94,394171.53,199244,474.38348,239.39479,339.02307,51.81411,8.1100206,0,0,0,8049.0361,288.71655,9.7600002,5,553,8.097393,0
19.27765369,54.94932413,202341.55,35872.297,22742.021,474.8855,50.140339,35.293941,106.35096,7.6072273,0.5,0,0,2805.5947,129.92706,191.86,5,109,12.236763,0
15.47765369,55.34932413,320299.81,256314.31,33081.301,482.20309,440.40005,37.01582,74.913239,8.57026,0.5,1,1,2565.8374,177.25661,201.59,5,56,15.846502,0
19.87765369,55.14932413,133933.53,18384.096,6534.4561,489.58759,29.040285,10.005739,64.841354,6.5623517,0.5,0,0,2943.7119,225.33687,591.58002,5,135,9.2476196,0
19.37765369,56.14932413,132776.95,8582.9609,10382.709,494.52652,15.40698,14.509109,96.44593,7.0238934,0,1,0,2242.0364,151.20039,0,5,26,11.350118,0
19.77765369,56.24932413,212493.14,53685.953,12574.501,494.68015,52.537724,18.812099,60.576408,6.2635961,0,0,0,2254.9521,237.86008,17.799999,5,94,8.8495951,0
16.17765369,55.14932413,460214.44,353330.59,315121.31,496.36618,349.6662,263.17017,83.315376,8.4105234,1,1,1,2673.6582,158.30009,122.37,5,61,15.984441,0
16.47765369,55.64932413,374679.44,17318.48,258.88,499.27765,30.961588,4.0954456,61.543888,8.2019157,1,0,0,2643.0632,188.91374,12.29,5,174,13.201498,1
19.87765369,55.04932413,137550.28,17606.822,6318.3774,500.99182,28.066601,9.7625475,59.871613,6.8483028,0.5,0,0,3722.2124,262.77249,46.419998,5,71,8.5275211,0
15.47765369,55.64932413,392262.47,45343.695,20888.385,502.76114,47.4244,29.000328,65.567566,8.8851824,1,1,0,2592.5686,183.07373,122.97,5,1488,14.240105,0
18.47765369,55.64932413,135492.33,13862.255,13459.575,509.0777,19.106869,8.3353109,96.941078,6.9544249,0.5,0,0,2152.0991,149.58852,9.1700001,5,69,11.651061,0
19.47765369,55.14932413,151801.25,11107.963,3405.2795,509.20969,19.846687,5.698761,96.367989,7.3340349,1,0,0,2709.0432,137.35507,173.95,5,94,11.775453,0
18.97765369,54.84932413,327873.25,191325.08,119624.82,515.16998,249.68942,184.70503,99.953499,7.5073128,1,0,0,3388.7056,149.47935,431.39999,5,683,12.112628,0
18.07765369,55.34932413,429381.69,378473.25,347027.5,519.92139,603.66138,2.0863853,79.088676,7.3495727,0.5,0,0,2687.0181,193.83453,2.9400001,5,138,11.83741,0
18.47765369,55.24932413,335180.31,198395.97,137797.45,522.5097,331.66367,8.3353109,81.610443,7.5045452,0,0,0,2727.5686,195.4635,85.32,5,23,12.00679,0
18.97765369,54.74932413,373323.91,234679.84,117223.41,529.71698,277.40417,97.434982,94.86367,7.3403931,1,0,0,4315.8418,160.01564,896.72998,5,1575,11.796002,0
19.77765369,55.44932413,144522.67,21682.994,7148.6245,537.68359,34.907104,12.838011,93.513535,7.1156912,0.5,0,0,2411.9189,118.16633,75.360001,5,295,11.342117,0
19.57765369,55.04932413,156299.06,12657.188,4190.9907,540.4455,21.762877,7.0555391,90.441711,7.1916676,0.5,0,0,2930.2927,149.48026,620.08002,5,116,11.345059,0
19.37765369,55.34932413,155603.02,8806.5771,2806.8782,540.81281,16.042158,4.5231462,92.533287,7.1547313,0.5,0,0,2560.4775,123.80991,108.1,5,273,11.504933,0
15.47765369,54.74932413,470849.38,199587.23,110479.9,548.97723,148.91545,72.795212,70.618889,8.769803,1,1,0,2474.5117,168.79167,419.70001,5,145,13.962291,0
17.07765369,56.44932413,384268.56,9469.0342,1375.6458,549.82202,24.517515,6.5448833,56.047462,5.7537718,0,0,1,2345.9927,159.72484,0,5,1968,8.9562407,0
15.67765369,55.24932413,473030.5,436398.88,134221.2,551.68445,493.29312,123.9594,85.525856,8.2328329,0.5,1,1,2679.2861,156.59998,373.53,5,93,16.594023,0
15.67765369,54.84932413,15877.866,348127.88,229814.41,559.0965,241.03094,135.63742,73.429817,8.7392664,0.5,1,0,2485.0569,170.04419,419.32001,5,216,14.695239,0
19.57765369,54.94932413,181319.64,18952.807,9502.0156,562.86243,28.727652,25.50692,87.764481,7.1842122,0.5,0,0,3278.1025,151.37666,947.27002,5,103,11.327726,0
18.97765369,54.54932413,356249.38,188781.72,35585.242,565.22162,316.8092,38.088078,69.890717,6.8284693,0,0,0,6301.8555,209.70953,1258.55,5,66,10.042917,0
19.67765369,54.94932413,165596.38,16512.734,6804.749,566.15393,26.26177,14.256511,62.211304,6.7661147,0.5,0,0,3584.0852,218.38144,1227.6899,5,102,9.5959473,0
19.77765369,55.04932413,155104.89,16322.677,5800.9829,569.06958,26.258476,9.1678715,64.225685,6.6892252,0.5,0,0,3330.6064,240.88574,202.46001,5,99,9.0523634,0
19.37765369,54.94932413,222343.72,35481.691,22323.74,576.49341,48.999973,40.396389,101.84097,7.5659161,0.5,0,0,2888.2495,128.40213,291.51001,5,151,12.180951,0
19.77765369,55.34932413,155498.84,20103.709,6933.5576,584.70959,31.645987,11.515924,88.190735,7.0541229,0.5,0,0,2597.2625,133.7424,122.7,5,154,11.134632,0
19.67765369,55.04932413,162260.17,14590.22,5095.5381,586.87958,24.029696,8.2573643,74.865685,6.84022,0.5,0,0,3020.7534,187.60754,895.21997,5,178,10.239846,0
19.77765369,55.14932413,158677.22,17303.605,6189.5747,591.86877,27.464046,9.7738953,73.335983,6.721951,0.5,0,0,2842.5054,192.56284,685.44,5,133,9.9599009,0
19.77765369,55.24932413,159583.75,18552.648,6594.958,600.41571,29.183857,10.508154,74.458069,6.8405395,0.5,0,0,2756.4067,169.42484,244.03,5,110,10.419875,0
15.47765369,54.64932413,375703.47,155759.05,94093.797,605.80127,146.88268,72.226143,63.516266,8.6047678,1,0,0,2485.3,192.20149,314.60999,5,2066,13.114695,0
19.47765369,55.24932413,172068.27,11255.939,3900.1956,617.67834,19.351023,6.1124153,93.584625,7.238183,0.5,0,0,2594.0715,130.79086,147.87,5,109,11.692221,0
19.57765369,55.14932413,170772.56,13179.345,4614.291,619.05792,22.081369,7.5095277,94.433411,7.27109,0.5,0,0,2734.9204,135.55946,316.78,5,44,11.618482,0
19.47765369,54.94932413,217051.45,31038.184,18665.686,626.65717,43.439423,35.076321,98.947998,7.472991,0.5,0,0,3098.0454,130.03902,462.57999,5,154,11.992437,0
15.37765369,55.34932413,440915.88,399706.53,35950.332,631.68237,584.65869,43.784386,74.874908,8.7173948,0.5,1,1,2579.5205,184.87131,190.64999,5,78,15.665212,0
15.47765369,55.24932413,440915.88,399706.53,35950.332,631.68237,584.65869,69.042099,72.852867,8.8006172,0.5,1,1,2575.2048,191.9334,735.12,5,28,15.23529,0
15.37765369,54.74932413,452546.28,129307.32,56443.062,643.36694,90.604561,57.216198,68.800674,8.7808342,1,1,0,2573,168.81105,514.27002,5,122,13.760892,0
19.67765369,55.64932413,177843.81,24324.021,9233.5547,643.62549,37.700569,16.184387,77.240929,6.8258352,0,0,0,2334.2476,141.16243,21.4,5,536,10.548675,0
19.67765369,55.14932413,172732.48,15431.657,5570.6626,643.95398,24.931429,8.9574051,77.28801,7.0204978,0.5,0,0,2748.9973,153.93419,506.12,5,253,10.918376,0
15.17765369,55.44932413,242210.05,121747.67,34201.695,663.68549,172.80699,76.089256,76.021667,8.8229036,0.5,1,0,2568.2878,179.0567,278.54999,5,555,15.850416,0
19.67765369,54.84932413,217792.33,27143.43,15549.183,667.11993,37.707329,39.682503,56.593464,6.8614788,0,0,0,3908.8015,243.30829,1076.97,5,165,9.076273,0
19.67765369,55.24932413,183322.84,16500.77,6145.0435,699.79956,26.2514,9.9702597,89.231476,7.1446772,0.5,0,0,2691.5547,131.41736,281.82001,5,58,11.388687,0
10.67765369,57.24932413,148447.27,86363.133,489,710.20984,109.13438,11.805488,20.854185,10.545911,0,0,0,3306.7935,278.49973,11.31,5,568,30.946253,0
19.57765369,55.24932413,188952.64,13831.414,5234.0342,714.4679,22.523031,8.3761635,96.266953,7.2422028,0.5,0,0,2622.7695,129.7627,117.91,5,88,11.672808,0
11.77765369,54.24932413,296817.19,294641.81,253618.28,719.00336,688.25183,538.51904,23.455168,10.618361,1,0,1,3610.5078,240.84985,331.04001,5,1511,19.744009,0
15.37765369,55.64932413,415186,44550.301,23430,724.73334,72.288239,34.864586,68.237465,8.9171877,1,1,0,2561.0068,182.90526,73.57,5,2418,14.469123,0
18.37765369,55.74932413,232923.38,40779.52,39571.922,724.82367,49.561966,32.98275,100.54114,6.6867228,0.5,0,0,2234.8713,116.72849,74.57,5,166,11.464423,0
19.67765369,55.54932413,190370.02,21424.619,8085.0093,725.20996,34.058105,14.407073,83.513634,6.9712429,0,0,0,2431.4106,131.95926,24.469999,5,151,10.947721,0
19.67765369,55.34932413,191847.11,17840.268,6781.3555,742.86261,28.175842,11.221811,92.163841,7.1350412,0.5,0,0,2528.616,124.81548,113.11,5,77,11.432518,0
19.47765369,55.34932413,197306.48,11425.827,4552.1812,752.4455,18.795527,6.8578591,94.611107,7.1615186,0.5,0,0,2536.7151,124.17061,83.480003,5,180,11.550096,0
18.67765369,55.14932413,549765.44,395697,304501.22,754.36029,580.08862,1396.0801,91.071632,7.4731479,0.5,0,0,3125.3064,165.89731,80.550003,5,258,11.99809,0
19.67765369,55.44932413,195258.22,19514.229,7449.2729,756.56305,30.720821,12.722512,89.646172,7.0549674,0.5,0,0,2458.3259,123.82324,47.599998,5,62,11.223825,0
18.37765369,55.14932413,428922.22,246879.59,171589.44,762.21899,458.80206,568.70935,77.237793,7.2109127,0,0,0,2944.3433,208.61336,72.120003,5,66,11.317482,0
18.87765369,54.94932413,408921.59,269187.09,188717.39,763.58832,439.74609,188.58981,97.371162,7.4553852,1,0,0,3329.0759,162.08833,360.23001,5,98,12.052188,0
16.17765369,55.04932413,777885.81,447370.91,352399.66,765.29742,423.54242,1241.6226,73.364761,8.5371103,1,1,1,2626.3657,177.1465,235.07001,5,161,14.982832,0
18.37765369,55.84932413,261971.06,39763.566,38575.227,771.62122,48.69952,43.04726,99.986427,6.5671196,0,0,0,2237.0999,112.02307,14.78,5,148,11.291015,0
19.37765369,55.44932413,199423.11,8558.8799,3684.8015,780.15295,14.287614,5.1814308,88.95034,7.0824823,0,0,0,2493.8774,124.75871,50.310001,5,106,11.286762,0
15.77765369,55.44932413,391738.94,256669.94,209480.27,794.78705,241.7953,160.231,91.758354,8.2751713,0.5,1,1,2632.0515,147.37994,288.5,5,248,16.712688,0
15.67765369,55.54932413,286563.28,46641.715,25318.875,795.4812,61.568668,82.567963,73.578903,8.7104445,0.5,1,0,2604.7021,163.28912,110.58,5,303,15.374028,0
18.77765369,55.04932413,470600.72,337013.84,257371.23,796.85852,569.38623,704.14587,95.13504,7.4723816,0.5,0,0,3372.0972,163.37044,172.61,5,125,12.068501,0
16.87765369,56.44932413,390699.53,9641.9863,1307.7565,807.2124,24.567438,6.5448833,66.518036,5.4592733,0,0,1,2229.5881,126.17102,26.469999,5,505,9.2465677,0
19.27765369,56.24932413,222412.19,7830.7529,9473.6768,814.78534,15.268753,13.762032,127.80233,7.2825942,0,1,1,2139.1208,112.86279,65.959999,5,52,12.347374,0
19.57765369,55.34932413,209965.22,14757.407,6010.1987,820.80084,23.36919,9.5390329,95.502373,7.1660643,0.5,0,0,2518.3796,124.11629,88.349998,5,60,11.531775,0
19.27765369,55.54932413,198411.52,5135.0449,2755.8738,824.18921,8.8860922,3.7713296,84.404259,7.046988,0,0,0,2445.5417,142.65125,28,5,87,11.111099,0
11.57765369,54.34932413,174221.86,165288.53,15084.667,834.19281,802.25769,677.51367,24.983961,10.408757,1,0,1,3411.0332,250.66531,116.3,5,62,20.609671,0
20.17765369,56.34932413,502702.88,102286.09,16123.384,840.05841,79.739716,11.688569,56.241859,6.3175855,0,0,0,2536.4346,265.72195,9.1499996,5,696,8.3674774,0
20.07765369,56.44932413,502702.88,102286.09,16123.384,840.05841,79.739716,11.688569,82.160133,6.594183,0,0,0,2283.0195,159.97511,112.8,5,154,10.495107,0
15.37765369,54.64932413,708732.19,195929.88,143226.47,849.15271,109.45027,53.744965,60.920506,8.5330315,1,0,0,2603.3599,196.26225,540.32001,5,1637,12.779226,0
19.57765369,54.84932413,299646.12,44939.121,29431.951,849.21185,57.620979,68.144585,89.252007,7.1999979,0.5,0,0,3586.5889,156.08246,1412.8199,5,119,11.322532,0
11.47765369,54.34932413,340018.59,334872.5,191608.97,859.51904,829.19891,509.87262,23.494049,10.379239,1,0,1,3439.4507,262.94806,250.57001,5,57,20.015062,0
15.57765369,54.74932413,476103.06,295717.94,202608.19,861.94604,282.40732,162.9176,69.695816,8.7301102,1,0,0,2439.2969,171.22302,402.64999,5,111,14.028909,0
18.67765369,55.64932413,184931.77,4815.2744,4523.019,873.11035,9.4956656,8.3353109,87.346947,7.1482973,0.5,0,0,2531.6509,171.56409,1.16,5,54,11.606942,0
16.27765369,55.04932413,1024917.6,743568.25,646837.31,880.57513,669.7442,593.45557,71.452019,8.4998169,1,0,0,2553.3123,193.23773,101.81,5,103,13.966962,0
18.77765369,55.64932413,188303.75,2631.0273,2302.1262,906.37354,6.8677616,3.6412058,83.83844,7.1458378,0.5,0,0,2607.7961,167.05286,1.21,5,62,11.52819,0
15.77765369,55.54932413,390662.16,136878.33,109792.98,911.31934,147.84889,91.739197,78.21048,8.528883,0.5,1,0,2613.8328,156.38817,153.53999,5,384,15.837899,0
19.17765369,55.64932413,210588.45,2937.8716,1883.6555,915.5141,5.6069736,1.0055971,78.462112,7.0122004,0,0,0,2411.0388,149.45279,5.6599998,5,75,10.995812,0
16.27765369,54.94932413,930952.19,469378.91,447609.59,920.64807,509.21048,1438.1715,43.864906,8.3100691,0,0,0,2698.5103,267.17123,1.89,5,100,10.264056,1
19.57765369,55.44932413,231485.44,16141.789,6955.6909,921.32495,24.829546,10.968358,88.125,7.064024,0.5,0,0,2505.6782,124.32346,48.869999,5,89,11.244424,0
19.37765369,56.04932413,233731.52,9676.1807,9714.9717,928.68884,16.635193,13.561663,70.409821,6.6060743,0,1,0,2292.5503,184.88739,0,5,58,10.108618,0
19.87765369,56.24932413,361093,44662.867,12367.422,934.08563,49.526619,20.704214,60.040718,6.2209287,0,0,0,2328.4524,240.42554,19.360001,5,67,8.7253618,0
16.57765369,55.64932413,559420.38,62831.086,43891.426,939.41272,83.233391,43.633244,61.725292,8.079999,0,0,0,2634.6685,192.10391,66.279999,5,412,12.674298,1
19.97765369,56.44932413,540377.94,84783.516,16123.384,945.46057,66.417732,16.46554,87.758842,6.7337251,0,0,0,2239.9338,149.21992,33.509998,5,136,10.866601,0
19.47765369,55.44932413,235818.11,12179.524,5582.4365,945.9837,18.837915,7.9974627,89.578423,7.0985036,0,0,0,2501.4275,121.38863,31.629999,5,152,11.365023,0
18.47765369,55.74932413,245566.45,20897.188,20222.893,953.09546,27.112778,15.320799,102.05495,6.9342728,0.5,0,0,2153.2981,126.22078,29.09,5,68,11.750118,0
19.57765369,55.64932413,249410.7,19845.537,8920.0166,971.1944,28.493807,13.904224,77.323662,6.8083844,0,0,0,2394.6184,147.2674,17.049999,5,523,10.516651,0
10.77765369,57.44932413,378890.69,89383.711,1590.2222,971.47797,122.81871,13.208992,33.891285,10.002037,0,0,0,2531.5251,262.85248,367.35999,5,216,33.395142,0
19.67765369,54.74932413,355827.72,55130.477,37042.141,974.03693,67.828682,67.585655,43.851696,7.3767629,0,0,0,4521.2695,282.71472,1024.41,5,240,8.266118,0
19.57765369,55.54932413,245625.16,17843.648,7901.7441,977.40167,26.798002,12.472572,82.461464,6.9781938,0,0,0,2484.5742,134.51924,12.44,5,109,10.972369,0
15.87765369,55.04932413,266108.31,201151.61,184341.97,982.71588,368.8298,164.58005,87.175041,8.2912312,0.5,1,1,2702.8318,155.6597,253.11,5,123,16.217533,0
11.37765369,54.24932413,198691.44,197856.3,36868,1001.681,974.00293,590.79602,20.891371,10.361783,0.5,0,1,3486.7544,252.62971,151.00999,5,185,19.131678,0
17.67765369,55.84932413,695017.5,12551.7,11935.8,1014.5096,24.084145,19.064768,57.290203,5.5871248,0,0,0,2591.1436,167.9149,3.95,5,61,8.6244869,0
13.27765369,54.94932413,387878.62,175522.94,80304.117,1016.7431,183.77094,63.610825,46.076614,10.423622,1,0,0,2884.4688,240.02853,19.559999,5,200,15.971313,0
17.87765369,55.64932413,705226.5,280278.12,272188,1017.1269,326.9487,664.43323,58.410473,5.7165608,0,0,0,2679.6545,177.04724,85.169998,5,45,8.8985119,0
15.77765369,54.64932413,495929.66,207742.8,186378.5,1021.4986,230.73718,172.70767,58.513248,8.35639,1,0,0,2486.7024,208.88702,155.31,5,66,12.507103,0
15.67765369,55.64932413,372346.56,34994.629,17385.133,1051.8846,60.839123,22.300041,65.555626,8.6501341,0.5,1,0,2558.6064,188.11421,77.019997,5,1237,13.772084,0
15.57765369,54.64932413,495775.53,216901.42,164689.83,1052.8546,184.02151,126.01095,64.67334,8.5912437,1,0,0,2451.1812,191.21085,337.25,5,413,13.254241,0
10.67765369,57.34932413,367566.81,74084.312,888,1073.4764,103.40948,12.808169,16.558235,10.523603,0,0,0,3113.906,271.90875,71.309998,5,1042,32.664455,0
15.67765369,54.64932413,492288.94,235985,207603.83,1076.3564,249.90324,150.64624,63.246574,8.4964905,1,0,0,2471.678,199.99756,363.26999,5,232,12.99017,0
19.37765369,54.54932413,574889.88,49399.051,49290,1078.5525,44.691593,41.653198,74.144012,6.93753,0,0,1,4376.0806,176.7019,498.16,5,14,10.578344,0
19.57765369,54.54932413,574889.88,49399.051,49290,1078.5525,44.691593,62.534,61.356445,7.0006456,0,0,0,6069.9214,244.79251,979.53003,5,123,9.0235014,0
19.47765369,54.64932413,574889.88,49399.051,49290,1078.5525,44.691593,354.89093,84.549049,7.213778,0,0,0,3979.8577,155.66069,997.16998,5,117,11.338005,0
19.37765369,54.74932413,574889.88,49399.051,49290,1078.5525,44.691593,377.62735,104.03231,7.5259166,1,0,0,3651.2297,139.72989,773.10999,5,347,12.059734,0
15.37765369,55.24932413,453638.84,236368.61,22170.729,1125.5807,331.27887,33.586578,64.170181,9.1468449,0.5,1,1,2600.4758,213.15941,113.82,5,29,14.209584,0
19.47765369,55.54932413,277363.59,13484.861,6788.7954,1140.9148,19.672621,9.5427094,83.68502,6.997704,0,0,0,2479.8076,134.44713,3.5699999,5,98,11.042923,0
10.67765369,57.64932413,432715.34,88240.211,1639.3856,1147.8793,125.46648,12.496623,20.903719,10.461768,0,0,0,2864.9487,275.16315,742.15002,5,2093,32.821922,0
17.97765369,55.34932413,897322.25,833899,764432.12,1162.265,1317.0234,1866.2615,72.746475,7.2749858,0.5,0,0,2818.1658,194.2023,15.67,5,79,11.780893,0
15.17765369,55.34932413,333128.91,125614.96,17399.795,1163.7539,171.64116,54.233414,82.982704,8.9277267,0.5,1,0,2584.3533,191.65263,22.969999,5,105,15.429738,0
18.87765369,54.84932413,628968.19,414726.84,266513,1181.0947,601.48865,604.56256,95.554543,7.3817549,1,0,0,3713.4744,167.21425,927.34003,5,575,11.899106,0
18.77765369,54.74932413,885532.56,599561.38,362902.75,1181.0947,601.48865,364.96796,84.224098,7.2763224,0.5,0,1,5278.8467,217.3654,2427.3301,5,474,10.337742,0
16.17765369,54.94932413,958806.38,334322.41,215061.33,1189.4263,385.64679,302.29398,57.218983,8.3764954,0.5,0,0,2649.1201,222.53223,85.879997,5,85,12.438563,1
19.47765369,54.84932413,416438.03,75504.297,51868.184,1200.9998,93.615746,93.077682,100.29573,7.5199165,1,0,0,3424.7004,133.22469,607.48999,5,82,12.069887,0
19.77765369,56.44932413,284262.91,52562.844,10978.107,1212.8401,51.741734,15.707603,114.84957,7.1722584,0,0,0,2153.6023,125.81304,28.74,5,44,11.927151,0
15.57765369,55.64932413,350595.16,40306.422,19136.02,1240.6708,61.294415,24.932608,66.565498,8.7982483,1,1,0,2585.3728,182.68576,76.080002,5,7890,14.008852,0
19.57765369,54.74932413,477273.81,80214.664,56507.691,1257.9167,95.35656,96.868179,87.405365,7.1186523,0,0,0,3867.9934,171.79892,2317.9299,5,151,10.951157,0
15.27765369,54.74932413,812688.31,161764.67,78320,1261.6353,77.946434,35.6446,66.636749,8.7212086,1,0,0,2662.6174,173.84895,562.45001,5,223,13.399118,0
15.77765369,54.94932413,451636,385054.62,253696.28,1278.1155,374.0361,224.33589,76.864464,8.5337925,0.5,1,0,2604.8923,163.30481,432.54999,5,191,15.487269,0
19.27765369,56.14932413,328183.62,8707.4023,8746.0371,1280.8549,15.928308,12.728071,117.41166,7.2252512,0,1,0,2202.0537,139.79805,22.52,5,53,11.940202,0
10.67765369,57.54932413,484553.47,79123.133,1441.3334,1314.8112,117.11208,12.978786,25.979721,10.380008,0,0,0,2715.1863,270.36731,228.85001,5,284,32.995468,0
17.87765369,55.74932413,997130.38,191035.98,185437.27,1319.3575,225.99385,214.88147,59.800411,5.5860462,0,0,0,2709.8044,173.19034,131.75,5,70,8.8103685,0
19.97765369,56.14932413,476817.94,13265.7,12094,1337.3751,30.63427,23.20252,58.836029,6.248014,0,0,0,2368.0645,253.43715,0,5,18,8.3661022,1
19.97765369,56.04932413,476817.94,13265.7,12094,1337.3751,30.63427,36.276878,55.661659,6.2619324,0,0,0,2378.814,262.15515,0,5,33,8.2385435,0
19.87765369,55.94932413,476817.94,13265.7,12094,1337.3751,30.63427,32.094212,62.964981,6.2880702,0,0,0,2406.3945,231.93932,0,5,30,8.6488228,0
19.37765369,54.84932413,479238.22,92265.984,64444.332,1346.0806,113.59612,111.34,105.93094,7.5943766,0.5,0,0,3299.0696,131.64522,422.53,5,82,12.218687,0
18.57765369,55.74932413,296552.69,9925.666,9465.6201,1349.1898,14.828482,10.049124,103.74006,7.1240387,0.5,0,0,2191.7114,147.40491,20.4,5,60,11.893197,0
18.47765369,55.04932413,1099514.2,676205.19,464066.25,1350.2144,864.23969,638.99799,76.891151,7.1048641,0,0,0,3306.4463,215.74229,429.67001,5,91,10.791493,0
19.27765369,54.84932413,477631.88,102087.49,70119.508,1361.5621,128.06429,11.710542,106.93214,7.6310787,0.5,0,0,3221.7424,133.38332,211.61,5,225,12.259198,0
15.67765369,54.74932413,589874.31,356022.5,306834.12,1383.6324,359.53281,220.20221,68.56366,8.6583929,1,0,0,2456.8635,183.11324,480.95001,5,124,13.869148,0
19.67765369,54.54932413,556194.31,99572.672,58034.629,1392.3901,110.77412,89.579437,27.503183,8.7551899,0,0,0,8653.165,311.68451,81.080002,5,141,7.3209238,0
19.97765369,56.24932413,599553.62,6769.6499,12094,1395.8811,16.363888,23.20252,57.04702,6.2348018,0,0,0,2414.7012,253.6311,2.27,5,102,8.4608259,0
19.87765369,56.34932413,599553.62,6769.6499,12094,1395.8811,16.363888,19.6639,77.308281,6.519423,0,0,0,2311.9534,176.45052,17.370001,5,88,10.137362,0
19.87765369,56.44932413,421116.97,48090.027,11348.297,1431.4155,46.812859,16.376673,99.985619,6.9520898,0,0,0,2220.5227,138.82489,56.700001,5,34,11.379404,0
18.87765369,54.74932413,1112026.8,672650.38,432868,1431.7572,625.3374,365.71814,91.046753,7.2215595,1,0,1,4878.5771,174.81374,923.89001,5,516,11.482428,0
20.07765369,56.34932413,722289.31,273.60001,16123.384,1454.3871,2.093508,16.46554,65.447205,6.2595701,0,0,0,2442.7539,229.36317,4.52,5,617,8.9328022,0
20.07765369,56.24932413,722289.31,273.60001,15310.819,1454.3871,2.093508,19.83403,51.426659,6.3086123,0,0,0,2453.7207,276.55246,1.17,5,78,8.1005592,0
19.97765369,56.34932413,722289.31,273.60001,13261.311,1454.3871,2.093508,19.83403,65.064484,6.3152943,0,0,0,2397.4741,208.31424,35.849998,5,163,9.3483477,0
17.77765369,55.74932413,846073.94,101793.84,98686.531,1460.958,125.03899,96.271248,57.270718,5.6454167,0,0,0,2720.7334,176.66647,35.259998,5,62,8.6490345,0
18.57765369,55.04932413,1065663.4,698567.12,506127.44,1461.623,1029.859,735.21332,84.534393,7.30408,0.5,0,0,3331.4458,191.93498,353.69,5,85,11.581326,0
18.77765369,54.94932413,830312.62,607312.25,447908.59,1468.2966,1057.1942,762.70935,94.679283,7.394599,1,0,0,3524.3552,172.98981,382.66,5,365,11.941416,0
10.57765369,57.54932413,536391.56,70006.062,1243.281,1481.743,108.75768,11.800072,14.66549,10.602697,0,0,0,3588.2188,276.89426,63.119999,5,31,32.371037,0
15.87765369,55.54932413,397969.62,240063.44,192607.8,1485.3409,173.18117,126.85862,80.208755,8.4244003,0.5,1,0,2665.6816,150.30112,138.8,5,146,16.12245,0
15.87765369,54.94932413,566584.31,250323.53,234462.73,1512.7554,289.4931,1087.2915,74.840729,8.5812159,0.5,1,0,2670.9949,166.56096,361.5,5,161,15.308661,0
18.47765369,55.14932413,764733.69,265458.38,97672,1532.0438,796.1416,959.34082,81.639832,7.3651948,0,0,0,3021.1177,197.89928,151.71001,5,217,11.696888,0
19.57765369,54.64932413,609534.75,106659.18,70166.133,1539.1742,120.26646,41.653198,76.911469,6.9624243,0,0,0,4463.2847,194.57526,2495.6399,5,137,10.265391,0
17.97765369,55.84932413,1148186.8,280278.12,272188,1593.209,326.9487,313.89465,56.44548,5.6306686,0,0,0,2597.8445,218.75185,39.66,5,58,8.5154667,0
15.87765369,54.74932413,678228.06,265559.91,247961.98,1595.6111,295.49506,670.29236,57.291225,8.3408241,1,0,0,2544.9653,218.57205,135.22,5,135,12.359952,0
13.37765369,55.04932413,485573.97,166591.84,66505.055,1599.4578,190.6225,65.315163,43.430561,10.413818,1,0,1,2939.2776,248.57005,26.629999,5,736,15.217621,0
17.27765369,55.24932413,959060.06,943563.25,746350,1673.692,1641.1479,1428.8203,89.866524,8.094676,0.5,0,0,2553.4915,192.03084,284.60001,5,88,13.240828,0
13.47765369,55.14932413,514482.41,133421.64,42198.727,1699.2808,231.1826,73.207191,43.105446,10.353202,1,0,0,3012.5649,243.93674,66.330002,5,386,14.647061,1
19.27765369,56.04932413,422914.91,9300.9873,8114.9668,1737.3395,16.278316,11.717296,91.609222,7.0020499,0,1,0,2277.1777,154.84795,0,5,38,11.209793,0
10.97765369,57.64932413,565371.75,60008.973,3002.6045,1737.6785,86.433784,13.083314,31.255684,10.377785,0,0,0,2381.4758,274.11584,1015.39,5,2135,33.032051,1
18.67765369,54.94932413,901243.25,563718.56,415605.81,1741.2079,1045.0831,707.00995,89.492027,7.2707114,0.5,0,0,3665.8801,189.53963,1131.25,5,267,11.508953,0
10.87765369,57.64932413,578410,86391.68,1174.4565,1754.0337,98.182869,13.792761,25.939121,10.425251,0,0,0,2415.6558,276.49426,994.57001,5,868,32.878342,1
18.67765369,55.04932413,1031657.1,799897.62,629304.19,1755.4984,1512.8997,852.99347,91.1717,7.4361062,0.5,0,0,3371.6233,174.33325,198.22,5,64,11.986389,0
18.57765369,54.94932413,1572965.5,1257089,982226,1755.4984,1512.8997,1396.0801,55.555378,7.2240028,0,0,0,3840.2061,251.06305,908.42999,5,472,9.617363,0
18.57765369,55.14932413,1572965.5,1257089,982226,1755.4984,1512.8997,1005.4486,84.306732,7.4270167,0.5,0,0,3058.1121,184.91632,166.60001,5,225,11.87184,0
11.57765369,54.14932413,607665.19,604880.19,496055.69,1756.3713,1737.0023,1369.5188,14.024896,10.932084,1,0,0,4937.6865,269.75531,40.330002,5,255,16.925358,0
18.77765369,54.84932413,778463.5,445544.19,300556.44,1764.3337,771.52612,687.17035,92.43618,7.2504468,1,0,1,4024.1104,179.43886,1492.75,5,779,11.570091,0
12.27765369,56.14932413,420290.38,399324.53,335874.44,1770.6262,1697.1283,1605.0385,12.698033,10.678901,1,0,0,2611.3088,257.69635,20.73,5,1551,29.138876,0
16.87765369,56.34932413,432456.72,9866.1562,1286.2977,1771.947,24.632515,6.1688828,56.076733,5.7273498,0,0,0,2274.7546,163.93257,3.1199999,5,1585,8.9539604,0
11.47765369,54.14932413,581362.69,579677.5,432848.53,1784.1941,1769.3173,1073.1882,20.813231,10.694872,1,0,0,4181.9697,239.86679,43.990002,5,1662,18.503605,0
15.07765369,55.24932413,15874.621,12.896552,4,1787.0264,78.265938,25.156908,65.0905,9.4001894,1,0,0,2676.0862,229.23531,129.57001,5,32,13.615555,0
15.77765369,54.84932413,657190.69,408701.41,371841.81,1792.8982,395.40009,258.20441,71.066086,8.6780968,1,1,0,2543.5386,174.84326,438.60999,5,143,14.544075,0
11.07765369,57.54932413,451103.94,58021.344,1738,1831.2625,92.109261,11.772773,40.942642,9.981657,0,0,0,2305.7644,269.52811,1214.76,5,564,33.427727,1
18.87765369,55.74932413,375407.22,2215.6404,1365.7012,1832.4668,5.2537045,1.0055971,84.577858,7.074789,0.5,0,0,2530.1304,162.81824,15.3,5,81,11.448809,0
12.57765369,56.34932413,397564.19,372605.56,319398.38,1832.8215,1750.4279,3459.248,22.816422,10.462592,1,0,0,3397.1484,229.95863,10.93,5,0,31.197868,0
19.47765369,54.74932413,669703.88,129091.16,92167.406,1868.3287,152.67758,41.653198,98.945618,7.4573736,0.5,0,0,3652.167,141.32135,736.78003,5,777,11.907689,0
19.17765369,56.24932413,495533,12684.122,7850.4653,1882.7197,20.709026,11.534976,123.3066,7.1991334,0,1,0,2152.0583,114.49161,16.889999,5,56,12.276822,0
18.67765369,55.74932413,397357.78,5490.5278,4920.9956,1935.5035,9.7877922,6.7647114,100.65774,7.1662221,0.5,0,0,2356.5938,161.95277,13.22,5,61,11.826334,0
16.07765369,55.04932413,605243,426030,430417.06,1958.2517,1690.9427,1280.2732,74.880692,8.467041,1,1,1,2678.1738,166.68358,367.41,5,177,15.537318,0
14.97765369,54.64932413,585755.19,204199.02,157024.77,1964.9905,203.05064,137.16246,53.354065,8.324172,0.5,0,0,2705.2783,199.31358,390.42001,5,2002,11.718251,0
17.87765369,55.44932413,1290524.9,1230617,1127664,2004.4487,1948.7717,1866.2615,68.78717,6.9986525,0,0,0,2746.8704,188.56328,36.66,5,42,11.432433,0
17.87765369,55.34932413,1290524.9,1230617,1127664,2004.4487,1948.7717,1866.2615,70.108238,7.5672598,0.5,0,0,2951.8774,199.08049,17.610001,5,105,12.225507,0
17.77765369,55.24932413,1290524.9,1230617,1127664,2004.4487,1948.7717,1866.2615,64.300957,7.6644669,0.5,0,0,3161.4268,226.32826,8.3100004,5,86,11.503862,0
17.77765369,55.34932413,1290524.9,1230617,1127664,2004.4487,1948.7717,1866.2615,76.164291,7.8438425,0.5,0,0,3033.3193,194.49272,42.5,5,60,12.689028,0
17.67765369,55.34932413,1290524.9,1230617,1127664,2004.4487,1948.7717,1162.5125,75.874985,7.9066572,0.5,0,0,3026.3906,193.88478,132.17999,5,29,12.816533,0
17.67765369,55.24932413,1094074.4,1033386.3,878683.75,2025.3267,1961.7211,1866.2615,61.631741,7.6898403,0.5,0,0,3218.3765,229.91141,27.76,5,381,11.489594,0
15.27765369,54.64932413,893750.25,227410.38,181018.8,2029.2953,129.18665,90.083824,55.621403,8.3994827,1,0,0,2709.0808,208.51172,523.16998,5,145,12.210795,0
19.27765369,55.94932413,485727.66,9355.2822,7426.0356,2073.231,15.930311,10.445885,78.106117,6.7782307,0,1,0,2356.4915,171.34186,1.59,5,40,10.517504,0
18.57765369,55.84932413,449010.94,6522.4922,6067.1094,2133.8657,10.87642,8.0954628,109.72189,7.1023302,0,0,0,2173.4954,127.69344,25.780001,5,31,11.949062,0
18.77765369,55.74932413,437436.75,3263.7012,2497.6106,2164.3926,6.9620028,4.4355373,89.886627,7.1300325,0.5,0,0,2491.885,164.89117,21.459999,5,56,11.632621,0
10.87765369,57.44932413,580138.88,88758.492,1374.8204,2171.6658,119.65274,12.998926,39.859859,9.9990177,0,0,0,2462.0339,265.26718,291.47,5,281,32.764698,0
19.17765369,56.14932413,564220.19,10683.466,7050.0059,2284.5588,17.891264,10.473487,126.78014,7.3026967,0,1,1,2178.1724,129.15434,25.23,5,125,12.241854,0
11.07765369,57.44932413,538569.94,57639.629,268.56934,2285.5212,84.429886,9.4518452,26.408348,10.327295,0,0,0,2418.6523,273.40143,31.58,5,431,32.256008,0
10.67765369,57.44932413,786688.12,25984.934,287,2287.7612,68.419037,10.118447,25.597082,10.385477,0,0,0,2886.22,267.98907,296.31,5,467,33.013184,0
17.87765369,55.84932413,1148186.8,280278.12,272188,2353.8547,326.9487,146.79572,55.194996,5.5913353,0,0,0,2685.6138,192.83144,36.23,5,47,8.6452007,0
17.97765369,55.74932413,1148186.8,280278.12,272188,2353.8547,326.9487,313.89465,60.294094,5.5941153,0,0,0,2635.5591,176.26651,117.04,5,73,8.8937283,0
17.97765369,55.94932413,1148186.8,280278.12,272188,2353.8547,326.9487,171.60942,47.20459,5.7812214,0,0,0,2511.8052,245.86493,0,5,285,8.1550293,0
19.07765369,56.44932413,698883.44,25757.584,8476.9355,2376.8838,35.879833,11.573946,121.40077,7.0394802,0,0,0,2117.8262,100.19943,0,5,59,12.307449,1
12.37765369,56.24932413,542170.75,522517.09,457049.72,2414.6475,2346.6887,1877.0247,25.002014,10.124583,1,0,0,2912.4565,229.17752,34.709999,5,3412,32.641823,0
13.17765369,55.14932413,786456.75,183844.2,82852.227,2535.7129,198.36391,77.307724,37.078682,10.479668,0.5,1,0,2890.2419,272.27866,7.5999999,5,635,12.796427,0
19.17765369,55.84932413,566755.12,6875.2246,4519.6001,2550.7742,11.932101,6.0192537,82.221031,6.9797812,0,0,0,2453.8079,158.69878,41.080002,5,54,11.026076,0
19.07765369,56.34932413,705831,18752.482,6967.022,2605.8948,27.354408,10.038038,118.2215,7.0056658,0,0,0,2194.3726,102.98783,0,5,48,12.177542,0
18.57765369,55.94932413,522873.94,1138.9119,874.19122,2606.8643,4.6998734,3.5850031,106.01675,7.011992,0,1,0,2202.9431,112.14809,0,5,25,11.891688,0
19.17765369,56.04932413,627875.19,9682.2041,6395.8242,2675.0254,16.379967,9.6277533,112.74531,7.2363472,0,1,0,2262.3254,142.59326,54.360001,5,32,11.954563,0
15.17765369,54.64932413,1402471.8,406604.19,374079.94,2808.8347,208.34094,126.00185,56.483238,8.390871,1,0,0,2775.7185,200.58823,725.64001,5,234,12.202005,0
13.37765369,55.14932413,877666.12,197326.33,78245.742,2812.3254,204.87202,79.753113,41.417976,10.395113,1,0,0,2978.6956,245.46176,30.98,5,332,14.049536,0
17.47765369,55.24932413,1091402,1058311.2,806455,2818.7244,2773.1978,1941.6973,86.728111,7.9960256,0.5,0,0,2970.4395,205.12689,97.580002,5,823,12.759064,0
19.07765369,55.84932413,609489.19,5288.0781,2971.6497,2835.5723,9.5110846,4.1930432,91.924995,7.1228919,0,1,0,2464.6067,155.01163,58.34,5,42,11.518217,0
19.17765369,55.94932413,648603.19,8584.002,5635.1245,2864.7983,14.637761,8.1934557,96.265602,7.1058435,0,1,0,2367.0835,151.40768,6.3499999,5,39,11.476039,0
17.77765369,55.84932413,695017.5,12551.7,11935.8,2886.2759,22.665224,95.84671,58.956749,5.5129037,0,0,0,2686.8042,150.28041,5.7800002,5,79,8.7974129,0
16.07765369,54.94932413,922870,622130.06,540789,2910.1589,2624.6243,1890.1965,65.447899,8.5534639,1,1,0,2670.2893,192.48827,312.98001,5,62,13.955661,0
18.97765369,55.84932413,631060,3907.6348,1928.9058,3037.2083,7.4717774,3.3858128,95.744453,7.1088133,0.5,1,0,2450.5916,156.08421,32.509998,5,43,11.630759,0
10.87765369,57.54932413,713399.62,100379.12,1502.8334,3074.0471,130.47696,11.490195,31.052652,10.24308,0,0,0,2321.7251,270.88568,1333.4,5,324,33.076077,1
18.97765369,56.44932413,855961.94,19260.943,5556.6567,3115.9324,26.180855,7.6875606,119.09485,7.0153475,0,0,0,2125.1943,99.807243,0,5,1294,12.253539,0
18.67765369,55.84932413,625852.69,3581.5337,2851.3931,3140.5024,7.4169421,5.1590462,106.33431,7.1952767,0,0,0,2215.1792,142.15677,32.560001,5,32,12.008059,0
19.07765369,56.14932413,785735.69,10951.604,5208.0713,3338.6389,17.476292,8.0742264,126.90374,7.2755752,0,1,0,2152.6392,126.41264,5.9400001,5,251,12.261263,0
15.87765369,54.84932413,966965.69,250323.53,234462.73,3358.9319,244.3665,212.61067,67.988724,8.6183739,1,1,0,2608.9492,185.48546,310.17001,5,94,14.067429,0
17.57765369,55.24932413,1515560.2,1463236.1,1030254,3391.2407,3339.2227,2652.436,74.784157,7.8289194,0.5,0,0,3156.7878,220.52519,72.739998,5,682,12.04366,0
17.37765369,55.24932413,1515560.2,1463236.1,1030254,3391.2407,3339.2227,2652.436,89.123062,8.0922012,0.5,0,0,2700.0027,194.36098,163.03999,5,171,13.192608,0
18.57765369,56.04932413,649002.12,387.75046,234.84166,3411.127,3.6897824,4.0855417,104.68881,6.8621502,0,1,0,2170.406,107.34493,0,5,293,11.755195,0
16.07765369,55.64932413,889742.44,31771.139,24957.676,3471.2205,50.399948,28.160543,70.045998,8.4966536,1,1,0,2632.175,160.40636,39.970001,5,294,15.09756,1
18.97765369,56.34932413,897557.38,14038.589,4419.3926,3546.6963,20.455769,6.7139244,110.56059,6.911593,0,0,0,2205.7961,106.14942,0,5,108,11.980652,0
18.87765369,55.84932413,721263.81,3282.7678,1580.9902,3580.1018,6.7810082,3.2553642,100.39658,7.1505351,0.5,0,0,2392.3586,155.68828,2.5999999,5,48,11.770889,0
12.47765369,56.34932413,687616.19,683602.69,645724.62,3584.3948,3525.731,1849.2253,24.750139,10.11146,1,0,0,3024.0356,230.67955,13.17,5,35,32.414387,0
15.97765369,55.64932413,918612.31,89200.812,65601.023,3617.231,54.024818,56.897953,71.045403,8.5059547,0.5,1,0,2585.3367,160.41577,77.82,5,1427,15.186983,1
19.07765369,54.54932413,693916.62,153915.78,66794.352,3620.9258,207.51439,85.93261,74.328644,6.8590708,0,0,0,5056.6431,191.44859,899.78003,5,985,10.40161,0
18.77765369,55.84932413,725608.94,2923.9336,1721.2831,3665.5955,6.4912333,3.8714669,106.20728,7.2143431,0,0,0,2306.0613,150.69087,13.86,5,23,11.963675,0
19.07765369,55.94932413,799244.75,7546.8403,4045.7109,3672.7195,12.905627,6.1459908,108.23059,7.2034793,0,1,0,2358.9053,146.3232,13.56,5,77,11.877578,0
19.07765369,56.04932413,827152.5,9193.1641,4675.2207,3685.8254,15.193254,7.4415603,117.78407,7.3012495,0,1,0,2241.5806,138.40459,44.16,5,24,12.178021,0
19.47765369,54.54932413,1348177.1,353995.78,222884.11,3713.5786,416.81583,255.65169,68.932076,6.8625412,0,0,0,4906.1553,196.62297,301.82001,5,85,10.106606,0
15.77765369,54.74932413,1390530.1,628855.12,606699.5,3932.324,721.84692,679.29272,64.600906,8.5553675,1,0,0,2494.7227,194.58461,252.14,5,163,13.421216,0
18.87765369,56.44932413,983990.25,171.55,171.55,3945.2256,3.5537539,3.5537539,124.91407,6.8741565,0,0,0,2150.6008,105.56918,0,5,361,11.935214,0
17.87765369,56.04932413,1183191.8,5734.1094,5162.3379,3958.1694,25.69351,16.604435,57.07518,5.5899949,0,0,0,2475.4609,184.73215,5.1599998,5,26,8.6229944,0
11.57765369,54.24932413,1521014.8,1520879.9,1434680.9,4014.3931,4000.1306,3875.3674,25.09519,10.430085,1,0,1,3555.7544,244.50743,221.37,5,2798,20.159023,0
19.37765369,54.64932413,1387427.6,361044.72,239790.16,4070.5037,432.03601,251.03548,89.295166,7.3014674,0,0,0,3871.7649,150.68617,546.08002,5,111,11.562493,0
18.67765369,55.94932413,788263.69,1475.9685,764.4588,4075.4189,4.911356,3.1487658,110.10797,7.1764112,0,1,0,2198.1125,123.2067,5.71,5,35,12.057137,0
12.37765369,56.14932413,879543.38,864326.81,796076.56,4231.5688,4178.7739,3238.3508,20.218304,10.441351,1,0,0,3022.0085,242.14102,91.080002,5,5950,30.957525,0
18.97765369,55.94932413,914663.38,5940.8452,2693.1216,4385.4639,10.528928,4.6178403,116.14096,7.2699933,0,1,0,2327.6975,140.56189,3.8699999,5,41,12.09609,0
18.97765369,56.14932413,982903.38,8744.7188,3374.2258,4451.3945,14.161304,5.7457018,122.87042,7.1385894,0,1,0,2143.2485,125.56627,5.8499999,5,106,12.119326,0
18.87765369,56.34932413,1050514.1,6180.5547,1868.3829,4577.7837,10.487473,3.5537539,106.88066,6.8314853,0,0,0,2223.8433,109.71074,0,5,285,11.812112,0
18.97765369,56.04932413,994004.56,7312.9648,3079.7246,4669.0693,12.377057,5.4281569,117.00824,7.3069329,0,1,0,2225.3523,135.07869,27.219999,5,28,12.232532,0
12.47765369,56.24932413,969286.44,956710.75,892803.69,4777.002,4727.9341,4638.3901,14.744355,10.525576,0,0,0,3349.6223,242.14305,153.85001,5,1,29.73838,0
18.77765369,55.94932413,949340,2473.7031,1002.9869,4877.1636,5.9917288,3.1031768,112.94258,7.2965989,0,1,0,2224.1211,128.11595,6.3899999,5,30,12.193036,0
18.87765369,55.94932413,980046.56,4112.2871,1674.8813,4887.5918,8.0543108,3.5640066,113.85727,7.3036304,0,1,0,2261.8335,135.62013,14.6,5,51,12.1835,0
18.87765369,56.24932413,1109089,5733.5356,1856.8994,5129.1973,10.029211,3.8928125,101.21988,6.7191372,0,1,0,2170.5293,117.37303,0,5,57,11.575006,0
18.67765369,56.04932413,977832.31,1026.4435,407.35049,5211.8228,4.1827569,2.7623222,109.46873,7.0019836,0,1,0,2141.9011,119.5289,0,5,71,11.894941,0
18.57765369,56.14932413,940001.06,156.34166,133.09166,5345.2305,3.0534496,2.5460715,103.37845,6.7243962,0,0,0,2162.5806,105.64784,0,5,47,11.593112,0
16.17765369,55.74932413,1188175.4,35210.035,25327.395,5442.458,52.777321,32.290131,63.8367,8.0594778,1,0,0,2528.6301,183.8725,36.790001,5,380,13.254774,0
18.87765369,56.04932413,1103669.1,4749.1411,1778.6315,5466.4233,8.8677893,3.8325319,115.98109,7.2638979,0,1,0,2179.7166,129.04259,5.1500001,5,25,12.205842,0
15.07765369,54.64932413,895029.12,280845.75,239219.14,5519.5752,351.6651,297.80643,55.572308,8.3883896,1,0,0,2726.5703,197.82843,740.76001,5,2088,12.057942,0
17.77765369,55.94932413,1617161.2,2036.8667,1636,5533.353,20.658567,14.317683,61.214661,5.4887033,0,0,0,2548.9587,148.02318,23.32,5,225,8.8392963,0
17.77765369,56.04932413,1274671.6,3222.4011,1894.2622,5533.353,20.658567,12.529708,61.879902,5.5113196,0,0,0,2483.6902,157.37366,10.72,5,18,8.7730923,0
17.87765369,55.94932413,1101210.8,112598.38,108973.02,5533.353,20.658567,129.28629,56.202549,5.6242929,0,0,0,2553.5771,198.50626,7.8200002,5,1444,8.5502148,0
12.77765369,55.84932413,787602.62,721228.38,639211.06,5745.9458,5663.3867,5555.9263,7.5807996,11.119081,0,0,0,3582.3806,266.15076,284.75,5,4115,23.28525,0
19.27765369,54.74932413,1738013.2,480873.06,336070.97,5749.79,592.78058,233.11685,102.73567,7.5413418,0.5,0,0,3665.4128,138.68608,310.10001,5,169,12.105648,0
10.97765369,57.54932413,1244380.4,68496.898,410,5806.2329,95.148819,10.162723,36.04945,10.119791,0,0,0,2296.4087,270.40936,1478.04,5,938,33.238445,1
10.97765369,57.44932413,1244380.4,68496.898,410,5806.2329,95.148819,11.185014,34.833538,10.175967,0,0,0,2430.6348,272.03589,37.880001,5,1849,31.988628,0
18.77765369,56.04932413,1125757.2,2470.563,886.78705,5849.5581,5.8921852,2.911947,115.01622,7.1701379,0,1,0,2153.9355,122.79738,1.6,5,47,12.092442,0
19.47765369,54.44932413,902650.5,164366.44,52009.746,6065.9209,164.79683,239.01372,48.72617,7.9199405,0,0,0,9579.1768,282.53711,7.6300001,5,14,7.8622251,0
19.27765369,54.64932413,1265548.9,302745.97,195799.25,6091.8164,362.27704,252.70622,87.918915,7.2767792,0,0,1,3711.8809,151.80075,238.49001,5,47,11.546426,0
13.27765369,55.14932413,1863058,243441.3,103996.8,6475.6934,248.56654,99.699692,38.17881,10.417832,1,1,0,2957.4111,261.03275,7.9499998,5,1569,13.259171,0
18.77765369,56.24932413,1281197.6,1851.0005,613.1969,6505.4976,5.0010681,2.2801776,95.529831,6.6304374,0,1,0,2186.491,119.73088,0,5,939,11.405801,0
18.77765369,56.14932413,1252607.9,2358.0454,796.75085,6508.8042,5.6225815,2.5641263,103.30251,6.7510724,0,1,0,2116.8647,123.15665,0,5,69,11.55352,0
18.67765369,56.14932413,1201141.2,708.2951,279.57581,6540.1304,3.5630217,1.0066015,97.457283,6.6955819,0,0,0,2133.8374,119.06618,0,5,69,11.473584,0
18.77765369,56.34932413,1317843.1,128.38895,109.12801,6706.2686,2.9190147,2.4986889,112.51939,6.7749476,0,0,0,2251.8159,109.436,0,5,1856,11.716661,0
19.17765369,54.44932413,514305.44,89259.75,23694.301,7266.1382,234.7989,110.41607,66.659035,7.2103677,0,0,0,7581.5972,224.35068,1029.23,5,35,9.287467,0
16.07765369,55.74932413,1720701.6,42931.02,30061.104,7430.4072,57.033123,33.497952,64.670944,8.1583891,1,0,0,2529.3708,178.017,73.669998,5,144,13.595022,0
18.67765369,56.24932413,1456129.4,110.51105,83.27198,7849.9302,2.6560972,2.0616665,108.79137,6.709795,0,0,0,2206.092,110.31764,0,5,31,11.575431,0
19.07765369,54.44932413,1524536.6,197028.69,11435.381,8682.2754,272.9993,16.562588,65.5354,7.3357821,0,0,0,8305.0811,240.25903,1319.72,5,42,9.0548277,0
12.77765369,55.74932413,79553.797,75377.867,7488,11177.966,11125.43,8760.8857,13.00858,11.393493,1,0,0,3404.0916,266.52719,350.79001,5,524,23.454718,0
19.27765369,54.54932413,3844882.2,1146970.6,797770.69,13583.824,1408.7474,1119.1747,76.576454,6.9635568,0,0,1,4171.8921,169.4343,516.58002,5,10,10.740805,0
12.97765369,55.64932413,428833,417226.56,346971.44,14094.194,14050.031,13763.056,10.882264,11.646055,0,0,0,5682.0962,286.12686,0,5,5,18.38155,0
16.67765369,56.14932413,1279768.1,22718.379,10811.225,17353.373,34.748749,19.045021,47.903442,6.1137366,0,1,0,2343.2905,208.50398,0,5,17,8.6496878,0
12.87765369,55.74932413,1020011,1014248.7,938646.56,18920.967,18893.289,9941.4785,14.210286,11.423001,0,0,0,3865.8721,267.86398,454.19,5,6,22.586498,0
16.57765369,56.04932413,1713512,35053.273,23176.555,21317.746,46.696453,17.43528,49.177879,6.2140913,0,0,0,2384.1042,215.87469,2.1099999,5,5342,8.7002468,0
19.27765369,54.44932413,1818808.4,207602.36,36121.422,24329.467,180.89021,37.152237,65.267532,7.0738616,0,0,1,7560.2134,230.19173,534.65997,5,23,9.222003,0
