"centroid_id","five_spp_cpue_2020_std","five_spp_cpue_2020_std_label","bathymetry_2020_std","bathymetry_2020_std_label","bottom_temperature_2020_std","bottom_temperature_2020_std_label","surface_net_primary_production_2020_std","surface_net_primary_production_2020_std_label","fishing_activity_hours_2020_std","fishing_activity_hours_2020_std_label","ship_density_route_2020_std","ship_density_route_2020_std_label","bottom_salinity_2020_std","bottom_salinity_2020_std_label","bottom_dissolved_oxygen_2020_inv_std","bottom_dissolved_oxygen_2020_inv_std_label","dumping_site_2020","dumping_site_2020_label","military_area_2020","military_area_2020_label","wind_farm_2020","wind_farm_2020_label","bedrock_seabed_2020","bedrock_seabed_2020_label","hard_bottom_seabed_2020","hard_bottom_seabed_2020_label","risk_level"
1,0.0951341144531482,"H",-0.245438638983375,"L",0.625469140711909,"M",-0.276643552372349,"L",1.70947585857665,"H",1.82513540228985,"H",1.67809343022455,"H",-0.236366432017728,"M",0.0242424242424242,"H",0.0848484848484849,"H",0.127272727272727,"H",0,"M",0.115151515151515,"H","high risk"
2,0.0981722901608281,"H",0.939571221696697,"H",-0.942130273273033,"L",-0.256103495716887,"L",0.0296219858559581,"H",-0.18214609613062,"M",-0.405134572730914,"L",0.771634947048832,"H",0.210460772104608,"H",0.163138231631382,"H",0.0709838107098381,"H",0,"M",0.024906600249066,"H","high risk"
3,-0.100993031927259,"M",-0.762797345716016,"L",0.698000214979468,"M",0.268480014104805,"H",-0.326762789858421,"M",-0.165474386949719,"M",0.0517496217049916,"M",-0.620323078202229,"L",0.0235042735042735,"H",0.193376068376068,"H",0.0844017094017094,"H",0.00427350427350427,"H",0.162393162393162,"H","high risk"
