"centroid_id","five_spp_cpue_2020_std","five_spp_cpue_2020_std_label","bathymetry_2020_std","bathymetry_2020_std_label","bottom_temperature_2020_std","bottom_temperature_2020_std_label","surface_net_primary_production_2020_std","surface_net_primary_production_2020_std_label","fishing_activity_hours_2020_std","fishing_activity_hours_2020_std_label","ship_density_route_2020_std","ship_density_route_2020_std_label","bottom_salinity_2020_std","bottom_salinity_2020_std_label","bottom_dissolved_oxygen_2020_inv_std","bottom_dissolved_oxygen_2020_inv_std_label","dumping_site_2020","dumping_site_2020_label","military_area_2020","military_area_2020_label","wind_farm_2020","wind_farm_2020_label","bedrock_seabed_2020","bedrock_seabed_2020_label","hard_bottom_seabed_2020","hard_bottom_seabed_2020_label","risk_level"
1,-0.206231384542374,"M",0.106604590481841,"M",0.178573879668532,"M",-0.202286869708798,"M",3.02971335679113,"H",0.347709802229923,"H",1.41655790962304,"H",-0.12949268138324,"M",0.0625,"H",0.0546875,"H",0.1328125,"H",0,"M",0.0859375,"H","high risk"
2,-0.105621809005281,"M",-0.0714239986199276,"M",-0.613210878053745,"L",-0.175475783327543,"M",-0.200820635299476,"M",-0.169123126092526,"M",-0.690286632033629,"L",-0.451099630284795,"L",0.0657894736842105,"H",0.223684210526316,"H",0.121710526315789,"H",0,"M",0.111842105263158,"H","medium risk"
3,-0.169793091095798,"M",-0.854581307596711,"L",1.06001871459817,"H",0.356466987473611,"H",-0.331825789076336,"M",0.164298776991368,"H",0.500252477198476,"H",-0.530096204053746,"L",0.0172413793103448,"H",0.160919540229885,"H",0.0732758620689655,"H",0.00574712643678161,"H",0.147988505747126,"H","high risk"
4,3.92940397128964,"H",0.352654916209414,"M",-0.335803590559007,"L",-0.0113351290786946,"H",-0.0202932976098472,"H",0.291114689193891,"H",-0.179127552733997,"M",0.0284146411261747,"M",0.0547945205479452,"H",0.0684931506849315,"H",0.0136986301369863,"H",0,"M",0.10958904109589,"H","high risk"
5,-0.195626118809107,"M",1.5008149994568,"H",-0.910487734311807,"L",-0.287447527000042,"L",-0.0833889811642477,"M",-0.193692519093535,"M",-0.242417425904412,"M",1.64841184874538,"H",0.328320802005013,"H",0.165413533834586,"H",0.0350877192982456,"H",0,"M",0.0025062656641604,"H","high risk"
