"centroid_id","five_spp_cpue_2020_std","five_spp_cpue_2020_std_sd","five_spp_cpue_2020_std_label","bathymetry_2020_std","bathymetry_2020_std_sd","bathymetry_2020_std_label","bottom_temperature_2020_std","bottom_temperature_2020_std_sd","bottom_temperature_2020_std_label","surface_net_primary_production_2020_std","surface_net_primary_production_2020_std_sd","surface_net_primary_production_2020_std_label","fishing_activity_hours_2020_std","fishing_activity_hours_2020_std_sd","fishing_activity_hours_2020_std_label","ship_density_route_2020_std","ship_density_route_2020_std_sd","ship_density_route_2020_std_label","bottom_salinity_2020_std","bottom_salinity_2020_std_sd","bottom_salinity_2020_std_label","bottom_dissolved_oxygen_2020_inv_std","bottom_dissolved_oxygen_2020_inv_std_sd","bottom_dissolved_oxygen_2020_inv_std_label","dumping_site_2020","dumping_site_2020_sd","dumping_site_2020_label","military_area_2020","military_area_2020_sd","military_area_2020_label","wind_farm_2020","wind_farm_2020_sd","wind_farm_2020_label","bedrock_seabed_2020","bedrock_seabed_2020_sd","bedrock_seabed_2020_label","hard_bottom_seabed_2020","hard_bottom_seabed_2020_sd","hard_bottom_seabed_2020_label","attention_level"
1,0.220227277376721,1.17882218322568,"H",-0.532839536116598,0.455479288950249,"M",0.954370916699278,0.217734651608776,"L",-0.119931247100123,0.133293393210385,"L",-0.254857969088181,0.343155315999571,"M",4.22111457727307,1.9884248256485,"H",0.517331858760804,0.622418986568664,"M",-0.364063221533286,0.243522007682662,"M",0.0238095238095238,0.154303349962092,"H",0.238095238095238,0.431080537409042,"H",0.119047619047619,0.327770067561568,"H",0,0,"M",0.166666666666667,0.377195470232912,"H","high attention"
2,-0.138141355789945,0.409954031521249,"M",-0.739403258042207,0.420893640822422,"M",1.00408280448213,0.379717895226594,"L",0.239855927292278,0.944056207202314,"H",-0.247923469687457,0.453505521510458,"M",-0.087963377390203,0.494105470443377,"M",0.0745944667879617,0.757478198279504,"M",-0.507986194151908,0.309053079845286,"M",0.0164705882352941,0.127426503810918,"H",0.218823529411765,0.41393592774154,"H",0.0752941176470588,0.264176310816183,"H",0.00705882352941176,0.0838184179760563,"H",0.141176470588235,0.348613871669692,"H","medium attention"
