"centroid_id","cod_cpue_2020_std","cod_cpue_2020_std_label","bathymetry_2020_std","bathymetry_2020_std_label","bottom_temperature_2020_std","bottom_temperature_2020_std_label","surface_net_primary_production_2020_std","surface_net_primary_production_2020_std_label","fishing_activity_hours_2020_std","fishing_activity_hours_2020_std_label","ship_density_route_2020_std","ship_density_route_2020_std_label","bottom_salinity_2020_std","bottom_salinity_2020_std_label","bottom_dissolved_oxygen_2020_inv_std","bottom_dissolved_oxygen_2020_inv_std_label","dumping_site_2020","dumping_site_2020_label","military_area_2020","military_area_2020_label","wind_farm_2020","wind_farm_2020_label","bedrock_seabed_2020","bedrock_seabed_2020_label","hard_bottom_seabed_2020","hard_bottom_seabed_2020_label","risk_level"
1,-0.290846874089045,"M",0.0600978387504524,"M",0.200533699525665,"M",-0.203516055539366,"M",3.05168471771167,"H",0.38380083375942,"H",1.47544057588958,"H",-0.172660104328059,"M",0.056,"H",0.048,"H",0.136,"H",0,"M",0.096,"H","high risk"
2,0.172916509344862,"H",0.916433386971399,"H",-0.942015977434941,"L",-0.270193602607778,"L",-0.0841039195483572,"M",-0.147725428038028,"M",-0.410802669059329,"L",0.752146027763684,"H",0.209215442092154,"H",0.165628891656289,"H",0.0772104607721046,"H",0,"M",0.0311332503113325,"H","high risk"
3,-0.105016493588928,"M",-0.761688770063361,"L",0.749356677704457,"M",0.248365747783265,"H",-0.321644613029333,"M",0.0723856705887381,"H",0.14902097466029,"M",-0.59671183120208,"L",0.0204918032786885,"H",0.191598360655738,"H",0.0799180327868853,"H",0.00409836065573771,"H",0.157786885245902,"H","high risk"
