"centroid_id","cod_cpue_2020_std","cod_cpue_2020_std_label","bathymetry_2020_std","bathymetry_2020_std_label","bottom_temperature_2020_std","bottom_temperature_2020_std_label","surface_net_primary_production_2020_std","surface_net_primary_production_2020_std_label","fishing_activity_hours_2020_std","fishing_activity_hours_2020_std_label","ship_density_route_2020_std","ship_density_route_2020_std_label","bottom_salinity_2020_std","bottom_salinity_2020_std_label","bottom_dissolved_oxygen_2020_inv_std","bottom_dissolved_oxygen_2020_inv_std_label","dumping_site_2020","dumping_site_2020_label","military_area_2020","military_area_2020_label","wind_farm_2020","wind_farm_2020_label","bedrock_seabed_2020","bedrock_seabed_2020_label","hard_bottom_seabed_2020","hard_bottom_seabed_2020_label","risk_level"
1,-0.280968628156281,"M",0.0629906107834003,"M",0.196616522372037,"M",-0.203828869841217,"M",3.04212146399276,"H",0.390192737424208,"H",1.46157792909996,"H",-0.167277026940558,"M",0.0555555555555556,"H",0.0476190476190476,"H",0.134920634920635,"H",0,"M",0.0952380952380952,"H","high risk"
2,-0.0914781384074062,"M",0.952546575267007,"H",-0.960366841652365,"L",-0.278343685064612,"L",-0.0864093649399527,"M",-0.1410122310641,"H",-0.406164130661451,"L",0.820270483826061,"H",0.222523744911805,"H",0.176390773405699,"H",0.0759837177747626,"H",0,"M",0.0217096336499322,"H","high risk"
3,-0.185513805249041,"M",-0.750972174871758,"L",0.727627486953828,"M",0.241658021984014,"H",-0.321388387644185,"M",0.0420571181367625,"H",0.131361827250692,"M",-0.599061678048036,"L",0.0205549845837616,"H",0.192189105858171,"H",0.0832476875642343,"H",0.00308324768756423,"H",0.16032887975334,"H","high risk"
4,4.16656423031275,"H",0.304886517937173,"M",-0.367130357752316,"L",-0.0634047337916572,"M",-0.101657372419868,"M",0.203531668113552,"H",-0.185748715941614,"M",-0.00846218300820744,"M",0.0588235294117647,"H",0.0441176470588235,"H",0.0441176470588235,"H",0.0147058823529412,"H",0.102941176470588,"H","high risk"
