"centroid_id","cod_cpue_2020_std","cod_cpue_2020_std_label","bathymetry_2020_std","bathymetry_2020_std_label","bottom_temperature_2020_std","bottom_temperature_2020_std_label","surface_net_primary_production_2020_std","surface_net_primary_production_2020_std_label","fishing_activity_hours_2020_std","fishing_activity_hours_2020_std_label","ship_density_route_2020_std","ship_density_route_2020_std_label","bottom_salinity_2020_std","bottom_salinity_2020_std_label","bottom_dissolved_oxygen_2020_inv_std","bottom_dissolved_oxygen_2020_inv_std_label","dumping_site_2020","dumping_site_2020_label","military_area_2020","military_area_2020_label","wind_farm_2020","wind_farm_2020_label","bedrock_seabed_2020","bedrock_seabed_2020_label","hard_bottom_seabed_2020","hard_bottom_seabed_2020_label","risk_level"
1,-0.285947095160772,"M",0.0937570389827762,"M",0.190483907710621,"M",-0.208882929608593,"M",3.08322711628756,"H",0.375061266040167,"H",1.50089222538273,"H",-0.143495248294663,"M",0.040983606557377,"H",0.0491803278688525,"H",0.139344262295082,"H",0,"M",0.0901639344262295,"H","high risk"
2,-0.0261183447815632,"M",-0.0716607485989765,"M",-0.608300622401288,"L",-0.17237688666503,"M",-0.191829978092576,"M",-0.165973049648461,"M",-0.688718886249769,"L",-0.450942023777822,"L",0.0686274509803922,"H",0.222222222222222,"H",0.120915032679739,"H",0,"M",0.112745098039216,"H","medium risk"
3,-0.259636172497705,"M",-0.852986483026353,"L",1.05919024411697,"H",0.35816589556882,"H",-0.32740133640589,"M",0.165066481383119,"H",0.4980862842366,"H",-0.529654962523881,"L",0.0157593123209169,"H",0.160458452722063,"H",0.0730659025787966,"H",0.00429799426934097,"H",0.14756446991404,"H","high risk"
4,4.23148529046991,"H",0.31701042355373,"M",-0.361857766756554,"L",-0.0609952260898849,"M",-0.0914665481077497,"M",0.21956246735565,"H",-0.171763889128614,"M",0.00884709792526851,"M",0.0606060606060606,"H",0.0454545454545455,"H",0.0151515151515152,"H",0.0151515151515152,"H",0.106060606060606,"H","high risk"
5,-0.116211842738142,"M",1.49477807040523,"H",-0.902441462115324,"L",-0.283240734319846,"L",-0.0595833413990255,"M",-0.181993829859438,"M",-0.241233258193333,"M",1.63201525670586,"H",0.327586206896552,"H",0.169950738916256,"H",0.0344827586206897,"H",0,"M",0.00246305418719212,"H","high risk"
