"centroid_id","all_spp_cpue_2020_std","all_spp_cpue_2020_std_label","bathymetry_2020_std","bathymetry_2020_std_label","bottom_temperature_2020_std","bottom_temperature_2020_std_label","surface_net_primary_production_2020_std","surface_net_primary_production_2020_std_label","fishing_activity_hours_2020_std","fishing_activity_hours_2020_std_label","ship_density_route_2020_std","ship_density_route_2020_std_label","bottom_salinity_2020_std","bottom_salinity_2020_std_label","bottom_dissolved_oxygen_2020_inv_std","bottom_dissolved_oxygen_2020_inv_std_label","dumping_site_2020","dumping_site_2020_label","military_area_2020","military_area_2020_label","wind_farm_2020","wind_farm_2020_label","bedrock_seabed_2020","bedrock_seabed_2020_label","hard_bottom_seabed_2020","hard_bottom_seabed_2020_label","risk_level"
1,-0.266570487505618,"M",0.177719650921348,"M",0.131231282696629,"M",-0.174469913438202,"M",3.4525355355955,"H",0.282454410011236,"H",1.45076554048315,"H",-0.116187752797753,"M",0.0449438202247191,"H",0.0674157303370786,"M",0.191011235955056,"H",0,"M",0.112359550561798,"H","medium risk"
2,0.181000701359259,"M",1.54313236091481,"H",-0.684765421081482,"L",-0.275969438314815,"L",0.118413352,"M",-0.183902226588889,"M",-0.142866912407407,"M",1.61423828775556,"H",0.537037037037037,"H",0.311111111111111,"M",0.0666666666666667,"H",0,"M",0.0111111111111111,"H","medium risk"
3,-0.0667811284444445,"M",-0.302170305777778,"L",0.749709528648148,"M",-0.151817244796296,"M",0.106486515314815,"M",4.58668218842593,"H",0.767246416666667,"H",-0.205336734296296,"M",0.111111111111111,"H",0.166666666666667,"M",0.0925925925925926,"H",0,"M",0.185185185185185,"H","medium risk"
4,2.37250579723438,"H",0.0855596713828125,"M",-0.799835710796875,"L",-0.239001442328125,"M",-0.1715876614375,"M",0.0350609403671875,"H",-0.584345024554688,"L",-0.187027002609375,"M",0.1171875,"H",0.3671875,"M",0.15625,"H",0,"M",0.1640625,"H","medium risk"
5,-0.358925401914842,"L",-0.593983578155718,"L",0.50003386269343,"M",0.33222003919708,"H",-0.264847705569343,"M",-0.198031841781022,"M",-0.210913653172749,"M",-0.598647385783455,"L",0.0608272506082725,"H",0.430656934306569,"M",0.236009732360097,"H",0.0097323600973236,"H",0.357664233576642,"H","medium risk"
