"centroid_id","all_spp_cpue_2020_std","all_spp_cpue_2020_std_label","bathymetry_2020_std","bathymetry_2020_std_label","bottom_temperature_2020_std","bottom_temperature_2020_std_label","surface_net_primary_production_2020_std","surface_net_primary_production_2020_std_label","fishing_activity_hours_2020_std","fishing_activity_hours_2020_std_label","ship_density_route_2020_std","ship_density_route_2020_std_label","bottom_salinity_2020_std","bottom_salinity_2020_std_label","bottom_dissolved_oxygen_2020_inv_std","bottom_dissolved_oxygen_2020_inv_std_label","dumping_site_2020","dumping_site_2020_label","military_area_2020","military_area_2020_label","wind_farm_2020","wind_farm_2020_label","bedrock_seabed_2020","bedrock_seabed_2020_label","hard_bottom_seabed_2020","hard_bottom_seabed_2020_label","risk_level"
1,-0.31681643569149,"L",0.166470053606383,"M",0.155303111755319,"M",-0.189443981180851,"M",3.39123508044681,"H",0.556062995765957,"H",1.50270285596809,"H",-0.121194297276596,"M",0.0425531914893617,"H",0.0638297872340425,"M",0.180851063829787,"H",0,"M",0.117021276595745,"H","medium risk"
2,0.195437430578754,"M",1.53851523258974,"H",-0.701642133974359,"L",-0.276707454871795,"L",0.111801111227106,"M",-0.168930208003663,"M",-0.147970273054945,"M",1.60542387835531,"H",0.531135531135531,"H",0.311355311355311,"M",0.0695970695970696,"H",0,"M",0.010989010989011,"H","medium risk"
3,-0.3529367444119,"L",-0.532349704496568,"L",0.512550511707093,"M",-0.0436770463913043,"H",-0.245412414716247,"M",0.308577235112128,"H",-0.0579299114942792,"M",-0.53960310505492,"L",0.0732265446224256,"H",0.418764302059497,"M",0.231121281464531,"H",0.0091533180778032,"H",0.347826086956522,"H","high risk"
4,2.08352243660135,"H",-0.135513820871622,"L",-0.517720148283784,"L",0.811812758891892,"H",-0.18831529604054,"M",0.0355551778445946,"H",-0.709791310391892,"L",-0.315202606662162,"L",0.0945945945945946,"H",0.331081081081081,"M",0.135135135135135,"H",0,"M",0.168918918918919,"H","high risk"
