"centroid_id","all_spp_cpue_2020_std","all_spp_cpue_2020_std_label","bathymetry_2020_std","bathymetry_2020_std_label","bottom_temperature_2020_std","bottom_temperature_2020_std_label","surface_net_primary_production_2020_std","surface_net_primary_production_2020_std_label","fishing_activity_hours_2020_std","fishing_activity_hours_2020_std_label","ship_density_route_2020_std","ship_density_route_2020_std_label","bottom_salinity_2020_std","bottom_salinity_2020_std_label","bottom_dissolved_oxygen_2020_inv_std","bottom_dissolved_oxygen_2020_inv_std_label","dumping_site_2020","dumping_site_2020_label","military_area_2020","military_area_2020_label","wind_farm_2020","wind_farm_2020_label","bedrock_seabed_2020","bedrock_seabed_2020_label","hard_bottom_seabed_2020","hard_bottom_seabed_2020_label","risk_level"
1,-0.335812419442717,"M",0.0772856815206071,"M",0.174051080963789,"M",-0.213640193866815,"M",3.07866027509622,"H",0.289363644015442,"H",1.43680816800045,"H",-0.161578286299113,"M",0.0645161290322581,"H",0.0483870967741935,"H",0.137096774193548,"H",0,"M",0.0887096774193548,"H","high risk"
2,0.744860031255632,"H",0.05123302683717,"M",-0.757382491922165,"L",-0.1850790287011,"M",-0.185577978065204,"M",-0.16669644975455,"M",-0.655563629713217,"L",-0.34358057846937,"M",0.0657439446366782,"H",0.205882352941176,"H",0.117647058823529,"H",0,"M",0.108996539792388,"H","medium risk"
3,-0.314416331303133,"M",-0.773402291503789,"L",1.02735224243248,"H",2.35185371172208,"H",-0.29629396942703,"M",2.78107724804003,"H",-0.167087227506097,"M",-0.552092666733479,"L",0.036144578313253,"H",0.108433734939759,"H",0.0481927710843374,"H",0,"M",0.108433734939759,"H","high risk"
4,-0.478862201798329,"L",-0.828627755482184,"L",0.965803592830931,"M",0.0761497369968352,"H",-0.32184037852551,"M",-0.129638404673694,"H",0.435756818712921,"H",-0.551095295879392,"L",0.0126582278481013,"H",0.167369901547117,"H",0.0745428973277075,"H",0.00562587904360056,"H",0.150492264416315,"H","high risk"
5,-0.0547077869560967,"M",1.5052711037309,"H",-0.871989814542122,"L",-0.284017790316081,"L",-0.0516394465592222,"M",-0.19163492589243,"M",-0.233341404607102,"M",1.60852384452331,"H",0.33578431372549,"H",0.178921568627451,"H",0.0367647058823529,"H",0,"M",0.00245098039215686,"H","high risk"
