"centroid_id","all_spp_cpue_2020_std","all_spp_cpue_2020_std_label","bathymetry_2020_std","bathymetry_2020_std_label","bottom_temperature_2020_std","bottom_temperature_2020_std_label","surface_net_primary_production_2020_std","surface_net_primary_production_2020_std_label","fishing_activity_hours_2020_std","fishing_activity_hours_2020_std_label","ship_density_route_2020_std","ship_density_route_2020_std_label","bottom_salinity_2020_std","bottom_salinity_2020_std_label","bottom_dissolved_oxygen_2020_inv_std","bottom_dissolved_oxygen_2020_inv_std_label","dumping_site_2020","dumping_site_2020_label","military_area_2020","military_area_2020_label","wind_farm_2020","wind_farm_2020_label","bedrock_seabed_2020","bedrock_seabed_2020_label","hard_bottom_seabed_2020","hard_bottom_seabed_2020_label","risk_level"
1,-0.322751870711639,"M",0.126856736886311,"M",0.128203287530112,"M",-0.191923576779281,"M",3.23396523866553,"H",0.375551698116012,"H",1.40666101618098,"H",-0.149336918139719,"M",0.043859649122807,"H",0.043859649122807,"H",0.140350877192982,"H",0,"M",0.087719298245614,"H","high risk"
2,0.289087925725501,"H",1.18113000115588,"H",-0.959113765005083,"L",-0.280446102009852,"L",-0.057997354790709,"M",-0.135988618456941,"H",-0.326036328294303,"M",1.13529081783135,"H",0.250814332247557,"H",0.157980456026059,"H",0.0439739413680782,"H",0,"M",0.00977198697068404,"H","high risk"
3,0.134168944125964,"M",-0.49734745348586,"L",0.0309782113820707,"M",0.388784952778363,"H",-0.293343997133528,"M",-0.231502211845133,"M",-0.751541139755535,"L",-0.704153883839211,"L",0.0466165413533835,"H",0.219548872180451,"H",0.109774436090226,"H",0.00601503759398496,"H",0.144360902255639,"H","high risk"
4,-0.449958162383752,"L",-0.800272861343746,"L",1.08352283046108,"H",-0.126162033680478,"M",-0.270035035758474,"M",0.380886671280528,"H",1.05597222635127,"H",-0.414445833126117,"L",0.00978473581213307,"H",0.152641878669276,"H",0.0802348336594912,"H",0,"M",0.154598825831703,"H","high risk"
