"centroid_id","all_spp_cpue_2020_std","all_spp_cpue_2020_std_label","bathymetry_2020_std","bathymetry_2020_std_label","bottom_temperature_2020_std","bottom_temperature_2020_std_label","surface_net_primary_production_2020_std","surface_net_primary_production_2020_std_label","fishing_activity_hours_2020_std","fishing_activity_hours_2020_std_label","ship_density_route_2020_std","ship_density_route_2020_std_label","bottom_salinity_2020_std","bottom_salinity_2020_std_label","bottom_dissolved_oxygen_2020_inv_std","bottom_dissolved_oxygen_2020_inv_std_label","dumping_site_2020","dumping_site_2020_label","military_area_2020","military_area_2020_label","wind_farm_2020","wind_farm_2020_label","bedrock_seabed_2020","bedrock_seabed_2020_label","hard_bottom_seabed_2020","hard_bottom_seabed_2020_label","risk_level"
1,-0.355691901661073,"M",0.0601977543756962,"M",0.181863538941536,"M",-0.203173194139972,"M",3.03370671912036,"H",0.376797784712937,"H",1.44169272983033,"H",-0.175993654875884,"M",0.047244094488189,"H",0.047244094488189,"H",0.141732283464567,"H",0,"M",0.094488188976378,"H","high risk"
2,0.462793112178259,"H",0.824421796000203,"H",-0.899801667624455,"L",-0.261784603970305,"L",-0.104587386884629,"M",-0.154426749895494,"M",-0.434016732749398,"L",0.651759644071668,"H",0.202090592334495,"H",0.183507549361208,"H",0.0731707317073171,"H",0,"M",0.040650406504065,"H","high risk"
3,-0.385689954229831,"M",-0.783266682491144,"L",0.820559570282841,"M",0.274235305321188,"H",-0.322304599585831,"M",0.0929127871195166,"H",0.20807143035893,"M",-0.588224737310556,"L",0.0163755458515284,"H",0.176855895196507,"H",0.0829694323144105,"H",0.00436681222707424,"H",0.157205240174672,"H","high risk"
